ID,Source,Source_Type,Year,Reaction_ID,Donor_SMILES,Donor_Type,Acceptor_SMILES,Solvent,Solvent_SMILES,has_solvent,Catalyst,Catalyst_SMILES,has_catalyst,Temp_C,has_temp,Time_min,has_time,Product_Config,Label,Donor_Canonical_SMILES,Acceptor_Canonical_SMILES,Pair_Key
1,"Angewandte Chemie, International Edition (2013), 52(28), 7181-7185",期刊,2013,31-010-CAS-2299030,O(C(C)=O)[C@H]1[C@@H](OCC2=CC=CC=C2)[C@H](N=[N+]=[N-])[C@@H](C)OC1OC(=NC3=CC=CC=C3)C(F)(F)F,trifluoroacetimidate,O(CC1=CC=CC=C1)[C@H]2[C@H](N=[N+]=[N-])[C@@H](C)O[C@H](SCC)[C@H]2O,Dichloromethane,ClCCl,1,Triethylamine,N(CC)(CC)CC,1,0,1,30.0,1,a,0,CC(=O)O[C@@H]1C(OC(=Nc2ccccc2)C(F)(F)F)O[C@H](C)[C@@H](N=[N+]=[N-])[C@@H]1OCc1ccccc1,CCS[C@H]1O[C@H](C)[C@@H](N=[N+]=[N-])[C@H](OCc2ccccc2)[C@@H]1O,96C170F9
2,"Tetrahedron Letters (2006), 47(21), 3583-3587",期刊,2006,31-010-CAS-2969316,O(CC1=CC=CC=C1)[C@@H]2[C@@H](OCC3=CC=CC=C3)C(OC(=NC4=CC=CC=C4)C(F)(F)F)O[C@H](COCC5=CC=CC=C5)[C@H]2OCC6=CC=CC=C6,trifluoroacetimidate,N(=[N+]=[N-])[C@@H]1[C@@H](OC(C)=O)[C@@H](O)[C@@H](COCC2=CC=CC=C2)O[C@@H]1OC,Dichloromethane;Toluene,ClCCl;C=1C=CC(=CC1)C,1,Pyridine,N=1C=CC=CC1,1,25,1,60.0,1,a,0,FC(F)(F)C(=Nc1ccccc1)OC1O[C@H](COCc2ccccc2)[C@@H](OCc2ccccc2)[C@H](OCc2ccccc2)[C@H]1OCc1ccccc1,CO[C@H]1O[C@H](COCc2ccccc2)[C@H](O)[C@H](OC(C)=O)[C@H]1N=[N+]=[N-],9E837434
3,"Tetrahedron Letters (2006), 47(21), 3583-3587",期刊,2006,31-010-CAS-9358549,O(CC1=CC=CC=C1)[C@@H]2[C@@H](OC(C)=O)[C@H](OCC3=CC=CC=C3)[C@@H](COCC4=CC=CC=C4)OC2OC(=NC5=CC=CC=C5)C(F)(F)F,trifluoroacetimidate,N(=[N+]=[N-])[C@@H]1[C@@H](OC(C)=O)[C@@H](O)[C@@H](COCC2=CC=CC=C2)O[C@@H]1OC,Dichloromethane;Toluene,ClCCl;C=1C=CC(=CC1)C,1,Pyridine,N=1C=CC=CC1,1,25,1,60.0,1,a,0,CC(=O)O[C@H]1[C@H](OCc2ccccc2)[C@@H](COCc2ccccc2)OC(OC(=Nc2ccccc2)C(F)(F)F)[C@@H]1OCc1ccccc1,CO[C@H]1O[C@H](COCc2ccccc2)[C@H](O)[C@H](OC(C)=O)[C@H]1N=[N+]=[N-],34831210
4,"Tetrahedron Letters (2006), 47(21), 3583-3587",期刊,2006,31-010-CAS-7224533,O(CC1=CC=CC=C1)[C@@H]2[C@@H](OCC3=CC=CC=C3)C(OC(=NC4=CC=CC=C4)C(F)(F)F)O[C@H](COC(C)=O)[C@H]2OCC5=CC=CC=C5,trifluoroacetimidate,N(=[N+]=[N-])[C@@H]1[C@@H](OC(C)=O)[C@@H](O)[C@@H](COCC2=CC=CC=C2)O[C@@H]1OC,Dichloromethane;Toluene,ClCCl;C=1C=CC(=CC1)C,1,Pyridine,N=1C=CC=CC1,1,25,1,60.0,1,a,0,CC(=O)OC[C@H]1OC(OC(=Nc2ccccc2)C(F)(F)F)[C@H](OCc2ccccc2)[C@@H](OCc2ccccc2)[C@@H]1OCc1ccccc1,CO[C@H]1O[C@H](COCc2ccccc2)[C@H](O)[C@H](OC(C)=O)[C@H]1N=[N+]=[N-],222CEABC
5,"Tetrahedron Letters (2006), 47(21), 3583-3587",期刊,2006,31-010-CAS-5089795,O(CC1=CC=CC=C1)[C@@H]2[C@@H](OCC3=CC=CC=C3)C(OC(=NC4=CC=CC=C4)C(F)(F)F)O[C@H](COC(=O)C5=CC=CC=C5)[C@H]2OCC6=CC=CC=C6,trifluoroacetimidate,N(=[N+]=[N-])[C@@H]1[C@@H](OC(C)=O)[C@@H](O)[C@@H](COCC2=CC=CC=C2)O[C@@H]1OC,Dichloromethane;Toluene,ClCCl;C=1C=CC(=CC1)C,1,Pyridine,N=1C=CC=CC1,1,25,1,60.0,1,a,0,O=C(OC[C@H]1OC(OC(=Nc2ccccc2)C(F)(F)F)[C@H](OCc2ccccc2)[C@@H](OCc2ccccc2)[C@@H]1OCc1ccccc1)c1ccccc1,CO[C@H]1O[C@H](COCc2ccccc2)[C@H](O)[C@H](OC(C)=O)[C@H]1N=[N+]=[N-],DF6C8006
6,"Bioorganic & Medicinal Chemistry (2015), 23(23), 7439-7447",期刊,2015,31-013-CAS-4821839,O(CC1=CC=CC=C1)[C@H]2[C@@]3([C@](O[C@H](OC(=NC4=CC=CC=C4)C(F)(F)F)[C@@H]2N=[N+]=[N-])(CO[C@@H](O3)C5=CC=CC=C5)[H])[H],trifluoroacetimidate,N(=[N+]=[N-])[C@@H]1[C@@H](OCC2=CC=CC=C2)[C@@H](O)[C@@H](COC(C)=O)O[C@@H]1OCCCC=C,Dichloromethane;Methanol,ClCCl;OC,1,Trimethylsilyl triflate,O=S(=O)(O[Si](C)(C)C)C(F)(F)F,1,0,1,120.0,1,a,0,[N-]=[N+]=N[C@H]1[C@@H](OC(=Nc2ccccc2)C(F)(F)F)O[C@@H]2CO[C@H](c3ccccc3)O[C@@H]2[C@@H]1OCc1ccccc1,C=CCCCO[C@H]1O[C@H](COC(C)=O)[C@H](O)[C@H](OCc2ccccc2)[C@H]1N=[N+]=[N-],5DFC6660
7,"Bioorganic & Medicinal Chemistry (2015), 23(23), 7439-7447",期刊,2015,31-013-CAS-13390852,O(CC1=CC=CC=C1)[C@H]2[C@@H](OCC3=CC=CC=C3)[C@@H](COC(C)=O)O[C@@H](OC(=NC4=CC=CC=C4)C(F)(F)F)[C@@H]2N=[N+]=[N-],trifluoroacetimidate,O([Si](C(C(C)C)(C)C)(C)C)[C@H]1[C@H](N=[N+]=[N-])[C@@H](OCC2=CC=CC=C2)[C@@H](O)[C@@H](COC(C)=O)O1,Dichloromethane,ClCCl,1,Trimethylsilyl triflate,O=S(=O)(O[Si](C)(C)C)C(F)(F)F,1,25,1,120.0,1,a,0,CC(=O)OC[C@H]1O[C@@H](OC(=Nc2ccccc2)C(F)(F)F)[C@H](N=[N+]=[N-])[C@@H](OCc2ccccc2)[C@H]1OCc1ccccc1,CC(=O)OC[C@H]1O[C@@H](O[Si](C)(C)C(C)(C)C(C)C)[C@H](N=[N+]=[N-])[C@@H](OCc2ccccc2)[C@H]1O,F7BD2978
8,"Angewandte Chemie, International Edition (2013), 52(28), 7181-7185",期刊,2013,31-010-CAS-6229676,O([C@H]1[C@@H](OCC2=CC=CC=C2)[C@H](N=[N+]=[N-])[C@@H](C)OC1OC(=NC3=CC=CC=C3)C(F)(F)F)[C@@H]4[C@@H](OC(C)=O)[C@@H](OCC5=CC=CC=C5)[C@H](N=[N+]=[N-])[C@@H](C)O4,trifluoroacetimidate,O([C@H]1[C@@H](OCC2=CC=CC=C2)[C@H](N=[N+]=[N-])[C@@H](C)O[C@@H]1SCC)[C@@H]3[C@@H](O)[C@@H](OCC4=CC=CC=C4)[C@H](N=[N+]=[N-])[C@@H](C)O3,Toluene,C=1C=CC(=CC1)C,1,Pyridine,N=1C=CC=CC1,1,100,1,60.0,1,a,0,CC(=O)O[C@@H]1[C@@H](O[C@@H]2C(OC(=Nc3ccccc3)C(F)(F)F)O[C@H](C)[C@@H](N=[N+]=[N-])[C@@H]2OCc2ccccc2)O[C@H](C)[C@@H](N=[N+]=[N-])[C@@H]1OCc1ccccc1,CCS[C@H]1O[C@H](C)[C@@H](N=[N+]=[N-])[C@H](OCc2ccccc2)[C@@H]1O[C@H]1O[C@H](C)[C@@H](N=[N+]=[N-])[C@H](OCc2ccccc2)[C@@H]1O,EF7200E0
9,"Tetrahedron Letters (2006), 47(21), 3583-3587",期刊,2006,31-010-CAS-7560425,O(CC1=CC=CC=C1)[C@@H]2[C@@H](OC(C)=O)[C@H](OCC3=CC=CC=C3)[C@@H](COC(C)=O)OC2OC(=NC4=CC=CC=C4)C(F)(F)F,trifluoroacetimidate,O(C(C)=O)[C@@H]1[C@@H](OC(C)=O)[C@H](O[C@@H]2[C@@H](N=[N+]=[N-])[C@@H](OC)O[C@H](COCC3=CC=CC=C3)[C@@H]2O)O[C@H](COC(C)=O)[C@H]1OC(C)=O,Dichloromethane;Toluene,ClCCl;C=1C=CC(=CC1)C,1,Pyridine,N=1C=CC=CC1,1,25,1,60.0,1,a,0,CC(=O)OC[C@H]1OC(OC(=Nc2ccccc2)C(F)(F)F)[C@H](OCc2ccccc2)[C@@H](OC(C)=O)[C@@H]1OCc1ccccc1,CO[C@H]1O[C@H](COCc2ccccc2)[C@H](O)[C@H](O[C@@H]2O[C@H](COC(C)=O)[C@@H](OC(C)=O)[C@H](OC(C)=O)[C@H]2OC(C)=O)[C@H]1N=[N+]=[N-],76B4A9D5
10,"Carbohydrate Research (2012), 360, 56-68",期刊,2012,31-010-CAS-4299451,O(CC1=CC=CC=C1)[C@@H]2[C@@H](OCC3=CC=CC=C3)C(O/C(=N/C4=CC=CC=C4)/C(F)(F)F)O[C@H](COC(=O)C5=CC=CC=C5)[C@H]2OCC6=CC=CC=C6,trifluoroacetimidate,O([C@@H]1[C@@H](OC(=O)C2=CC=CC=C2)[C@H](O[C@@H]3[C@@H](N=[N+]=[N-])[C@@H](OC)O[C@H](COCC4=CC=CC=C4)[C@@H]3O)O[C@H](COC(C)=O)[C@H]1OCC5=CC=CC=C5)[C@H]6[C@H](OC(=O)C7=CC=CC=C7)[C@H](OC(=O)C8=CC=CC=C8)[C@@H](OC(=O)C9=CC=CC=C9)[C@H](C)O6,Dichloromethane;Toluene,ClCCl;C=1C=CC(=CC1)C,1,Diisopropylethylamine,N(C(C)C)C(C)C,1,25,1,60.0,1,a,0,O=C(OC[C@H]1OC(O/C(=N/c2ccccc2)C(F)(F)F)[C@H](OCc2ccccc2)[C@@H](OCc2ccccc2)[C@@H]1OCc1ccccc1)c1ccccc1,CO[C@H]1O[C@H](COCc2ccccc2)[C@H](O)[C@H](O[C@@H]2O[C@H](COC(C)=O)[C@@H](OCc3ccccc3)[C@H](O[C@@H]3O[C@@H](C)[C@H](OC(=O)c4ccccc4)[C@@H](OC(=O)c4ccccc4)[C@H]3OC(=O)c3ccccc3)[C@H]2OC(=O)c2ccccc2)[C@H]1N=[N+]=[N-],0EBAA74D
11,"Angewandte Chemie, International Edition (2013), 52(28), 7181-7185",期刊,2013,31-013-CAS-11093804,O([C@@H]1[C@@H](O[C@@H]2[C@H](OC(C)=O)C(OC(=NC3=CC=CC=C3)C(F)(F)F)O[C@H](C)[C@H]2N=[N+]=[N-])O[C@H](C)[C@@H](N=[N+]=[N-])[C@@H]1OCC4=CC=CC=C4)[C@@H]5[C@@H](OC(C)=O)[C@@H](OCC6=CC=CC=C6)[C@H](N=[N+]=[N-])[C@@H](C)O5,trifluoroacetimidate,O([C@H]1[C@@H](OCC2=CC=CC=C2)[C@H](N=[N+]=[N-])[C@@H](C)O[C@@H]1OCCCCCC(OC)=O)[C@@H]3[C@@H](O)[C@@H](OCC4=CC=CC=C4)[C@H](N=[N+]=[N-])[C@@H](C)O3,Dichloromethane,ClCCl,1,Trimethylsilyl triflate,O=S(=O)(O[Si](C)(C)C)C(F)(F)F,1,0,1,60.0,1,a,0,CC(=O)O[C@@H]1[C@@H](O[C@@H]2[C@@H](O[C@H]3[C@H](N=[N+]=[N-])[C@@H](C)OC(OC(=Nc4ccccc4)C(F)(F)F)[C@H]3OC(C)=O)O[C@H](C)[C@@H](N=[N+]=[N-])[C@@H]2OCc2ccccc2)O[C@H](C)[C@@H](N=[N+]=[N-])[C@@H]1OCc1ccccc1,COC(=O)CCCCCO[C@H]1O[C@H](C)[C@@H](N=[N+]=[N-])[C@H](OCc2ccccc2)[C@@H]1O[C@H]1O[C@H](C)[C@@H](N=[N+]=[N-])[C@H](OCc2ccccc2)[C@@H]1O,9057026A
12,"Bioorganic & Medicinal Chemistry (2015), 23(23), 7439-7447",期刊,2015,31-013-CAS-6013588,O([C@@H]1[C@H](OCC2=CC=CC=C2)[C@@H](N=[N+]=[N-])[C@H](OC(=NC3=CC=CC=C3)C(F)(F)F)O[C@@H]1COC(C)=O)[C@@H]4[C@H](N=[N+]=[N-])[C@@H](OCC5=CC=CC=C5)[C@@H](OCC6=CC=CC=C6)[C@@H](COC(C)=O)O4,trifluoroacetimidate,N(=[N+]=[N-])[C@@H]1[C@@H](OCC2=CC=CC=C2)[C@@H](O)[C@@H](CO[Si](C(C)(C)C)(C)C)O[C@@H]1OCCCC=C,Dichloromethane,ClCCl,1,Trimethylsilyl triflate,O=S(=O)(O[Si](C)(C)C)C(F)(F)F,1,0,1,180.0,1,a,0,CC(=O)OC[C@H]1O[C@H](O[C@@H]2[C@H](OCc3ccccc3)[C@@H](N=[N+]=[N-])[C@H](OC(=Nc3ccccc3)C(F)(F)F)O[C@@H]2COC(C)=O)[C@H](N=[N+]=[N-])[C@@H](OCc2ccccc2)[C@H]1OCc1ccccc1,C=CCCCO[C@H]1O[C@H](CO[Si](C)(C)C(C)(C)C)[C@H](O)[C@H](OCc2ccccc2)[C@H]1N=[N+]=[N-],706BAFFC
13,"Journal of Organic Chemistry (2020), 85(24), 15872-15884",期刊,2020,31-010-CAS-22954860,O(CC1=CC=C(OC)C=C1)[C@H]2[C@H](OCC3=CC=CC=C3)[C@@H](N=[N+]=[N-])C(OC(=NC4=CC=CC=C4)C(F)(F)F)O[C@@H]2COCC5=CC=CC=C5,trifluoroacetimidate,O([C@H]1[C@H](OCC2=CC=CC=C2)[C@@H](N=[N+]=[N-])[C@@H](OCCCCCC(OCC3=CC=CC=C3)=O)O[C@@H]1COCC4=CC=CC=C4)[C@@H]5[C@H](N=[N+]=[N-])[C@@H](OCC6=CC=CC=C6)[C@H](O)[C@@H](COCC7=CC=CC=C7)O5,Dichloromethane,ClCCl,1,Triethylamine,N(CC)(CC)CC,1,-78,1,,0,a,0,COc1ccc(CO[C@H]2[C@H](OCc3ccccc3)[C@@H](N=[N+]=[N-])C(OC(=Nc3ccccc3)C(F)(F)F)O[C@@H]2COCc2ccccc2)cc1,[N-]=[N+]=N[C@H]1[C@@H](OCCCCCC(=O)OCc2ccccc2)O[C@H](COCc2ccccc2)[C@@H](O[C@H]2O[C@H](COCc3ccccc3)[C@@H](O)[C@H](OCc3ccccc3)[C@H]2N=[N+]=[N-])[C@@H]1OCc1ccccc1,442B190C
14,"Angewandte Chemie, International Edition (2013), 52(28), 7181-7185",期刊,2013,31-013-CAS-10768347,O([C@@H]1[C@@H](O[C@@H]2[C@@H](O[C@@H]3[C@H](OC(C)=O)[C@@H](OC(=NC4=CC=CC=C4)C(F)(F)F)O[C@H](C)[C@H]3N=[N+]=[N-])O[C@H](C)[C@@H](N=[N+]=[N-])[C@@H]2OCC5=CC=CC=C5)O[C@H](C)[C@@H](N=[N+]=[N-])[C@@H]1OCC6=CC=CC=C6)[C@@H]7[C@@H](O[C@@H]8[C@@H](OC(C)=O)[C@@H](OCC9=CC=CC=C9)[C@H](N=[N+]=[N-])[C@@H](C)O8)[C@@H](OCC%10=CC=CC=C%10)[C@H](N=[N+]=[N-])[C@@H](C)O7,trifluoroacetimidate,O([C@@H]1[C@@H](O[C@H]2[C@@H](OCC3=CC=CC=C3)[C@H](N=[N+]=[N-])[C@@H](C)O[C@@H]2OCCCCCC(OC)=O)O[C@H](C)[C@@H](N=[N+]=[N-])[C@@H]1OCC4=CC=CC=C4)[C@@H]5[C@@H](O[C@@H]6[C@@H](O)[C@@H](OCC7=CC=CC=C7)[C@H](N=[N+]=[N-])[C@@H](C)O6)[C@@H](OCC8=CC=CC=C8)[C@H](N=[N+]=[N-])[C@@H](C)O5,Toluene,C=1C=CC(=CC1)C,1,Pyridine,N=1C=CC=CC1,1,25,1,180.0,1,a,0,CC(=O)O[C@@H]1[C@@H](O[C@@H]2[C@@H](O[C@@H]3[C@@H](O[C@@H]4[C@@H](O[C@H]5[C@H](N=[N+]=[N-])[C@@H](C)O[C@H](OC(=Nc6ccccc6)C(F)(F)F)[C@H]5OC(C)=O)O[C@H](C)[C@@H](N=[N+]=[N-])[C@@H]4OCc4ccccc4)O[C@H](C)[C@@H](N=[N+]=[N-])[C@@H]3OCc3ccccc3)O[C@H](C)[C@@H](N=[N+]=[N-])[C@@H]2OCc2ccccc2)O[C@H](C)[C@@H](N=[N+]=[N-])[C@@H]1OCc1ccccc1,COC(=O)CCCCCO[C@H]1O[C@H](C)[C@@H](N=[N+]=[N-])[C@H](OCc2ccccc2)[C@@H]1O[C@H]1O[C@H](C)[C@@H](N=[N+]=[N-])[C@H](OCc2ccccc2)[C@@H]1O[C@H]1O[C@H](C)[C@@H](N=[N+]=[N-])[C@H](OCc2ccccc2)[C@@H]1O[C@H]1O[C@H](C)[C@@H](N=[N+]=[N-])[C@H](OCc2ccccc2)[C@@H]1O,25E6A95D
15,"Journal of Organic Chemistry (2020), 85(24), 15872-15884",期刊,2020,31-010-CAS-22956845,O(CC1=CC=C(OC)C=C1)[C@H]2[C@H](OCC3=CC=CC=C3)[C@@H](N=[N+]=[N-])C(OC(=NC4=CC=CC=C4)C(F)(F)F)O[C@@H]2COCC5=CC=CC=C5,trifluoroacetimidate,O([C@H]1[C@H](OCC2=CC=CC=C2)[C@@H](N=[N+]=[N-])[C@@H](O[C@H]3[C@H](OCC4=CC=CC=C4)[C@@H](N=[N+]=[N-])[C@@H](OCCCCCC(OCC5=CC=CC=C5)=O)O[C@@H]3COCC6=CC=CC=C6)O[C@@H]1COCC7=CC=CC=C7)[C@@H]8[C@H](N=[N+]=[N-])[C@@H](OCC9=CC=CC=C9)[C@H](O)[C@@H](COCC%10=CC=CC=C%10)O8,Dichloromethane,ClCCl,1,Triethylamine,N(CC)(CC)CC,1,-78,1,,0,a,0,COc1ccc(CO[C@H]2[C@H](OCc3ccccc3)[C@@H](N=[N+]=[N-])C(OC(=Nc3ccccc3)C(F)(F)F)O[C@@H]2COCc2ccccc2)cc1,[N-]=[N+]=N[C@H]1[C@@H](OCCCCCC(=O)OCc2ccccc2)O[C@H](COCc2ccccc2)[C@@H](O[C@H]2O[C@H](COCc3ccccc3)[C@@H](O[C@H]3O[C@H](COCc4ccccc4)[C@@H](O)[C@H](OCc4ccccc4)[C@H]3N=[N+]=[N-])[C@H](OCc3ccccc3)[C@H]2N=[N+]=[N-])[C@@H]1OCc1ccccc1,89F706BA
16,"Journal of Organic Chemistry (2008), 73(21), 8411-8421",期刊,2008,31-010-CAS-9357436,O(CC1=CC=CC=C1)[C@@H]2[C@@H](OCC3=CC=CC=C3)C(OC(=NC4=CC=CC=C4)C(F)(F)F)O[C@H](COC(C)=O)[C@H]2OCC5=CC=CC=C5,trifluoroacetimidate,O(C(=O)C1=CC=CC=C1)[C@@H]2[C@@H](OC(=O)C3=CC=CC=C3)[C@H](OC(=O)C4=CC=CC=C4)[C@@H](CO[C@@H]5[C@H](OCC6=CC=CC=C6)[C@@H](OCC7=CC=CC=C7)[C@H](OCC8=CC=CC=C8)[C@@H](COC(=O)C9=CC=CC=C9)O5)O[C@H]2O[C@@H]%10[C@@H](N=[N+]=[N-])[C@@H](OC)O[C@H](COCC%11=CC=CC=C%11)[C@@H]%10O,Dichloromethane;Toluene,ClCCl;C=1C=CC(=CC1)C,1,Pyridine,N=1C=CC=CC1,1,25,1,60.0,1,a,0,CC(=O)OC[C@H]1OC(OC(=Nc2ccccc2)C(F)(F)F)[C@H](OCc2ccccc2)[C@@H](OCc2ccccc2)[C@@H]1OCc1ccccc1,CO[C@H]1O[C@H](COCc2ccccc2)[C@H](O)[C@H](O[C@@H]2O[C@H](CO[C@H]3O[C@H](COC(=O)c4ccccc4)[C@@H](OCc4ccccc4)[C@H](OCc4ccccc4)[C@H]3OCc3ccccc3)[C@@H](OC(=O)c3ccccc3)[C@H](OC(=O)c3ccccc3)[C@H]2OC(=O)c2ccccc2)[C@H]1N=[N+]=[N-],7494921C
17,"Journal of Organic Chemistry (2008), 73(21), 8411-8421",期刊,2008,31-013-CAS-3140309,O(CC1=CC=CC=C1)[C@@H]2[C@@H](OC(=O)C3=CC=CC=C3)[C@H](OCC4=CC=CC=C4)[C@@H](COC(C)=O)OC2OC(=NC5=CC=CC=C5)C(F)(F)F,trifluoroacetimidate,O(C(=O)C1=CC=CC=C1)[C@@H]2[C@@H](OC(=O)C3=CC=CC=C3)[C@H](O[C@@H]4[C@@H](N=[N+]=[N-])[C@@H](OC)O[C@H](COCC5=CC=CC=C5)[C@@H]4O)O[C@H](COC(CCl)=O)[C@H]2OC(=O)C6=CC=CC=C6,Dichloromethane,ClCCl,1,,,0,25,1,60.0,1,a,0,CC(=O)OC[C@H]1OC(OC(=Nc2ccccc2)C(F)(F)F)[C@H](OCc2ccccc2)[C@@H](OC(=O)c2ccccc2)[C@@H]1OCc1ccccc1,CO[C@H]1O[C@H](COCc2ccccc2)[C@H](O)[C@H](O[C@@H]2O[C@H](COC(=O)CCl)[C@@H](OC(=O)c3ccccc3)[C@H](OC(=O)c3ccccc3)[C@H]2OC(=O)c2ccccc2)[C@H]1N=[N+]=[N-],E1A2883A
18,"Chemistry - A European Journal (2023), 29(30), e202300437",期刊,2023,31-614-CAS-41430052,O(CC1=CC=CC=C1)[C@H]2[C@]3([C@](OC(OC(=NC4=CC=CC=C4)C(F)(F)F)[C@@H]2OC(=O)C5=CC=CC=C5)(CO[C@H](O3)C6=CC=CC=C6)[H])[H],trifluoroacetimidate,[Si](OC[C@H]1O[C@@H](OC2=CC=C(OC)C=C2)[C@H](N=[N+]=[N-])[C@@H](OCC3=CC=C(Br)C=C3)[C@@H]1O)(C(C)(C)C)(C4=CC=CC=C4)C5=CC=CC=C5,Dichloromethane;Methanol,ClCCl;OC,1,Triethylamine,N(CC)(CC)CC,1,25,1,30.0,1,b,1,O=C(O[C@H]1C(OC(=Nc2ccccc2)C(F)(F)F)O[C@@H]2CO[C@@H](c3ccccc3)O[C@H]2[C@@H]1OCc1ccccc1)c1ccccc1,COc1ccc(O[C@@H]2O[C@H](CO[Si](c3ccccc3)(c3ccccc3)C(C)(C)C)[C@@H](O)[C@H](OCc3ccc(Br)cc3)[C@H]2N=[N+]=[N-])cc1,1E5E187C
19,"Journal of Organic Chemistry (2010), 75(23), 7990-8002",期刊,2010,31-010-CAS-4236424,C(OC(OC[C@@H]1[C@@H](OCC2=CC=CC=C2)[C@H](OCC3=CC=CC=C3)[C@@H](OCC4=CC=CC=C4)[C@@H](OC(=NC5=CC=CC=C5)C(F)(F)F)O1)=O)C6C=7C(C=8C6=CC=CC8)=CC=CC7,trifluoroacetimidate,S([C@H]1[C@@H](N=[N+]=[N-])[C@@H](OCC2=CC=CC=C2)[C@H](O)[C@@H](C(OC)=O)O1)C3=CC=CC=C3,Diethyl ether,O(CC)CC,1,,,0,-35,1,90.0,1,a,0,O=C(OCC1c2ccccc2-c2ccccc21)OC[C@H]1O[C@H](OC(=Nc2ccccc2)C(F)(F)F)[C@H](OCc2ccccc2)[C@@H](OCc2ccccc2)[C@@H]1OCc1ccccc1,COC(=O)[C@H]1O[C@@H](Sc2ccccc2)[C@@H](N=[N+]=[N-])[C@@H](OCc2ccccc2)[C@@H]1O,C716DAC3
20,"Organic Letters (2023), 25(23), 4400-4405",期刊,2023,31-614-CAS-41495780,N(=[N+]=[N-])[C@@H]1[C@H](OCC2=CC=CC=C2)[C@@H](OCC3=CC=CC=C3)[C@H](C)OC1OC(=NC4=CC=CC=C4)C(F)(F)F,trifluoroacetimidate,N(=[N+]=[N-])[C@@H]1[C@@H](OCC2=CC3=C(C=C2)C=CC=C3)[C@@H](O)[C@@H](C(OCC4=CC=CC=C4)=O)O[C@@H]1OCCCNC(OCC5=CC=CC=C5)=O,Dichloromethane,ClCCl,1,Trifluoroacetic acid,O=C(O)C(F)(F)F,1,0,1,10.0,1,a,0,C[C@@H]1OC(OC(=Nc2ccccc2)C(F)(F)F)[C@H](N=[N+]=[N-])[C@H](OCc2ccccc2)[C@H]1OCc1ccccc1,[N-]=[N+]=N[C@H]1[C@@H](OCCCNC(=O)OCc2ccccc2)O[C@H](C(=O)OCc2ccccc2)[C@H](O)[C@@H]1OCc1ccc2ccccc2c1,F60E9B4C
21,"Organic & Biomolecular Chemistry (2020), 18(25), 4728-4733",期刊,2020,31-010-CAS-22593840,O([C@H]1[C@H](OCC2=CC=CC=C2)[C@@H](OC(=O)C3=CC=CC=C3)[C@H](OC(=NC4=CC=CC=C4)C(F)(F)F)O[C@@H]1COC(CCl)=O)[C@@H]5[C@H](N=[N+]=[N-])[C@@H](OCC6=CC=CC=C6)[C@H](OC(OCC7C=8C(C=9C7=CC=CC9)=CC=CC8)=O)[C@@H](COC(C)=O)O5,trifluoroacetimidate,O([C@H]1[C@H](OCC2=CC=CC=C2)[C@@H](OC(=O)C3=CC=CC=C3)[C@H](OC4=CC=C(OC)C=C4)O[C@@H]1COC(CCl)=O)[C@@H]5[C@H](N=[N+]=[N-])[C@@H](OCC6=CC=CC=C6)[C@H](O)[C@@H](COC(C)=O)O5,Dichloromethane,ClCCl,1,Trimethylsilyl triflate,O=S(=O)(O[Si](C)(C)C)C(F)(F)F,1,-78,1,,0,b,1,CC(=O)OC[C@H]1O[C@H](O[C@H]2[C@H](OCc3ccccc3)[C@@H](OC(=O)c3ccccc3)[C@H](OC(=Nc3ccccc3)C(F)(F)F)O[C@@H]2COC(=O)CCl)[C@H](N=[N+]=[N-])[C@@H](OCc2ccccc2)[C@@H]1OC(=O)OCC1c2ccccc2-c2ccccc21,COc1ccc(O[C@@H]2O[C@H](COC(=O)CCl)[C@@H](O[C@H]3O[C@H](COC(C)=O)[C@@H](O)[C@H](OCc4ccccc4)[C@H]3N=[N+]=[N-])[C@H](OCc3ccccc3)[C@H]2OC(=O)c2ccccc2)cc1,D840E034
22,"Journal of Organic Chemistry (2011), 76(18), 7301-7315",期刊,2011,31-010-CAS-12941802,C(OC(OC[C@@H]1[C@@H](OCC2=CC=CC=C2)[C@H](OCC3=CC=CC=C3)[C@@H](OCC4=CC=CC=C4)[C@@H](OC(=NC5=CC=CC=C5)C(F)(F)F)O1)=O)C6C=7C(C=8C6=CC=CC8)=CC=CC7,trifluoroacetimidate,S([C@H]1[C@@H](N=[N+]=[N-])[C@@H](N=[N+]=[N-])[C@H](O)[C@@H](C(OC)=O)O1)C2=CC=CC=C2,Diethyl ether,O(CC)CC,1,,,0,-40,1,,0,a,0,O=C(OCC1c2ccccc2-c2ccccc21)OC[C@H]1O[C@H](OC(=Nc2ccccc2)C(F)(F)F)[C@H](OCc2ccccc2)[C@@H](OCc2ccccc2)[C@@H]1OCc1ccccc1,COC(=O)[C@H]1O[C@@H](Sc2ccccc2)[C@@H](N=[N+]=[N-])[C@@H](N=[N+]=[N-])[C@@H]1O,4443B80B
23,"Synlett (2004), (2), 275-278",期刊,2004,31-013-CAS-6123351,O(CC1=CC=CC=C1)[C@H]2[C@H](OC(C)=O)[C@H](OC(C)=O)[C@H](C)OC2OC(=NC3=CC=CC=C3)C(F)(F)F,trifluoroacetimidate,N(C(OCC(Cl)(Cl)Cl)=O)[C@H]1[C@H](O[Si](C(C)(C)C)(C)C)O[C@H](COCC2=CC=CC=C2)[C@@H](O)[C@@H]1OC(OCC=C)=O,Toluene,C=1C=CC(=CC1)C,1,,,0,0,1,2160.0,1,a,0,CC(=O)O[C@@H]1[C@H](OC(C)=O)[C@H](C)OC(OC(=Nc2ccccc2)C(F)(F)F)[C@H]1OCc1ccccc1,C=CCOC(=O)O[C@H]1[C@H](O)[C@@H](COCc2ccccc2)O[C@@H](O[Si](C)(C)C(C)(C)C)[C@@H]1NC(=O)OCC(Cl)(Cl)Cl,AF93652B
24,"Synlett (2004), (2), 275-278",期刊,2004,31-013-CAS-15255305,O(CC1=CC=CC=C1)[C@H]2[C@H](OCC3=CC=CC=C3)C(OC(=NC4=CC=CC=C4)C(F)(F)F)O[C@@H](C)[C@H]2OCC5=CC=CC=C5,trifluoroacetimidate,N(C(OCC(Cl)(Cl)Cl)=O)[C@H]1[C@H](O[Si](C(C)(C)C)(C)C)O[C@H](COCC2=CC=CC=C2)[C@@H](O)[C@@H]1OC(OCC=C)=O,Dichloromethane;Diethyl ether,ClCCl;O(CC)CC,1,Ytterbium triflate,[Yb].O=S(=O)(O)C(F)(F)F,1,-30,1,180.0,1,a,0,C[C@@H]1OC(OC(=Nc2ccccc2)C(F)(F)F)[C@@H](OCc2ccccc2)[C@H](OCc2ccccc2)[C@@H]1OCc1ccccc1,C=CCOC(=O)O[C@H]1[C@H](O)[C@@H](COCc2ccccc2)O[C@@H](O[Si](C)(C)C(C)(C)C)[C@@H]1NC(=O)OCC(Cl)(Cl)Cl,C087D306
25,"Organic Letters (2010), 12(7), 1624-1627",期刊,2010,31-010-CAS-539862,N(=[N+]=[N-])[C@@H]1[C@@H](OC(C)=O)[C@@H](NC(OCC2=CC=CC=C2)=O)[C@@H](C)OC1OC(=NC3=CC=CC=C3)C(F)(F)F,trifluoroacetimidate,O([Si](C(C)(C)C)(C)C)[C@H]1[C@H](N=[N+]=[N-])[C@@H](OC(CCC(C)=O)=O)[C@@H](O)[C@@H](COCC2=CC=CC=C2)O1,Dichloromethane,ClCCl,1,Pyridine,N=1C=CC=CC1,1,0,1,60.0,1,a,0,CC(=O)O[C@H]1[C@@H](NC(=O)OCc2ccccc2)[C@@H](C)OC(OC(=Nc2ccccc2)C(F)(F)F)[C@@H]1N=[N+]=[N-],CC(=O)CCC(=O)O[C@H]1[C@@H](O)[C@@H](COCc2ccccc2)O[C@@H](O[Si](C)(C)C(C)(C)C)[C@@H]1N=[N+]=[N-],0913907C
26,"ACS Chemical Biology (2018), 13(9), 2719-2727",期刊,2018,31-010-CAS-19655310,O(CC1=CC=CC=C1)[C@H]2[C@]3([C@](OC(OC(=NC4=CC=CC=C4)C(F)(F)F)[C@@H]2OC(=O)C5=CC=CC=C5)(CO[C@H](O3)C6=CC=CC=C6)[H])[H],trifluoroacetimidate,[Si](OC[C@@H]1[C@@H](O)[C@H](OCC2=CC=CC=C2)[C@@H](NC(C)=O)[C@@H](OCC=C)O1)(C(C)(C)C)(C3=CC=CC=C3)C4=CC=CC=C4,Dichloromethane,ClCCl,1,Triethylamine,N(CC)(CC)CC,1,25,1,30.0,1,b,1,O=C(O[C@H]1C(OC(=Nc2ccccc2)C(F)(F)F)O[C@@H]2CO[C@@H](c3ccccc3)O[C@H]2[C@@H]1OCc1ccccc1)c1ccccc1,C=CCO[C@H]1O[C@H](CO[Si](c2ccccc2)(c2ccccc2)C(C)(C)C)[C@@H](O)[C@H](OCc2ccccc2)[C@H]1NC(C)=O,D449B9B6
27,"Organic Letters (2023), 25(23), 4400-4405",期刊,2023,31-614-CAS-41495813,N(=[N+]=[N-])[C@@H]1[C@H](OCC2=CC=CC=C2)[C@@H](OCC3=CC=CC=C3)[C@H](C)OC1OC(=NC4=CC=CC=C4)C(F)(F)F,trifluoroacetimidate,O([C@H]1[C@]2([C@](O[C@H](O[C@@H]3[C@@H](N=[N+]=[N-])[C@@H](OCCCNC(OCC4=CC=CC=C4)=O)O[C@H](C(OCC5=CC=CC=C5)=O)[C@@H]3O)[C@@H]1N=[N+]=[N-])(CO[C@H](O2)C6=CC=CC=C6)[H])[H])[C@H]7[C@@H](N=[N+]=[N-])[C@H](OCC8=CC9=C(C=C8)C=CC=C9)[C@@H](OCC%10=CC=CC=C%10)[C@H](C)O7,Dichloromethane,ClCCl,1,Trimethylsilyl triflate,O=S(=O)(O[Si](C)(C)C)C(F)(F)F,1,25,1,10.0,1,a,0,C[C@@H]1OC(OC(=Nc2ccccc2)C(F)(F)F)[C@H](N=[N+]=[N-])[C@H](OCc2ccccc2)[C@H]1OCc1ccccc1,C[C@@H]1O[C@@H](O[C@@H]2[C@@H](N=[N+]=[N-])[C@@H](O[C@H]3[C@@H](O)[C@@H](C(=O)OCc4ccccc4)O[C@H](OCCCNC(=O)OCc4ccccc4)[C@@H]3N=[N+]=[N-])O[C@@H]3CO[C@@H](c4ccccc4)O[C@@H]23)[C@@H](N=[N+]=[N-])[C@H](OCc2ccc3ccccc3c2)[C@H]1OCc1ccccc1,54D3100A
28,"Synlett (2004), (2), 275-278",期刊,2004,31-010-CAS-8250667,O(CC1=CC=CC=C1)[C@@H]2[C@@H](OC(OC)=O)C(OC(=NC3=CC=CC=C3)C(F)(F)F)O[C@H](COCC4=CC=CC=C4)[C@@H]2OCC5=CC=CC=C5,trifluoroacetimidate,N(C(OCC(Cl)(Cl)Cl)=O)[C@H]1[C@H](O[Si](C(C)(C)C)(C)C)O[C@H](COCC2=CC=CC=C2)[C@@H](O)[C@@H]1OC(OCC=C)=O,Dichloroethane,ClCCCl,1,,,0,5,1,1440.0,1,b,1,COC(=O)O[C@H]1C(OC(=Nc2ccccc2)C(F)(F)F)O[C@H](COCc2ccccc2)[C@H](OCc2ccccc2)[C@@H]1OCc1ccccc1,C=CCOC(=O)O[C@H]1[C@H](O)[C@@H](COCc2ccccc2)O[C@@H](O[Si](C)(C)C(C)(C)C)[C@@H]1NC(=O)OCC(Cl)(Cl)Cl,6307930D
29,"Journal of Carbohydrate Chemistry (2009), 28(1), 1-11",期刊,2009,31-010-CAS-12184227,O(CC1=CC=CC=C1)[C@H]2[C@]3([C@](OC(OC(=NC4=CC=CC=C4)C(F)(F)F)[C@H]2OCC5=CC=CC=C5)(CO[C@H](O3)C6=CC=CC=C6)[H])[H],trifluoroacetimidate,N(C(OCC(Cl)(Cl)Cl)=O)[C@@H]1[C@@H](OCC2=CC=CC=C2)[C@H](O)[C@@H](COCC3=CC=CC=C3)O[C@@H]1OCC=C,Dichloromethane,ClCCl,1,Triethylamine,N(CC)(CC)CC,1,-90,1,180.0,1,b,1,FC(F)(F)C(=Nc1ccccc1)OC1O[C@@H]2CO[C@@H](c3ccccc3)O[C@H]2[C@H](OCc2ccccc2)[C@@H]1OCc1ccccc1,C=CCO[C@H]1O[C@H](COCc2ccccc2)[C@@H](O)[C@H](OCc2ccccc2)[C@H]1NC(=O)OCC(Cl)(Cl)Cl,00509680
30,"Organic Process Research & Development (2009), 13(5), 983-990",期刊,2009,31-010-CAS-8696313,O(CC1=CC=CC=C1)[C@H]2[C@]3([C@](OC(OC(=NC4=CC=CC=C4)C(F)(F)F)[C@H]2OCC5=CC=CC=C5)(CO[C@H](O3)C6=CC=CC=C6)[H])[H],trifluoroacetimidate,N(C(OCC(Cl)(Cl)Cl)=O)[C@@H]1[C@@H](OCC2=CC=CC=C2)[C@H](O)[C@@H](COCC3=CC=CC=C3)O[C@@H]1OCC=C,Dichloromethane,ClCCl,1,Silylium,[SiH3+],1,25,1,,0,b,1,FC(F)(F)C(=Nc1ccccc1)OC1O[C@@H]2CO[C@@H](c3ccccc3)O[C@H]2[C@H](OCc2ccccc2)[C@@H]1OCc1ccccc1,C=CCO[C@H]1O[C@H](COCc2ccccc2)[C@@H](O)[C@H](OCc2ccccc2)[C@H]1NC(=O)OCC(Cl)(Cl)Cl,00509680
31,"Organic Process Research & Development (2009), 13(5), 983-990",期刊,2009,31-010-CAS-1037433,O(CC1=CC=CC=C1)[C@H]2[C@]3([C@](OC(OC(=NC4=CC=CC=C4)C(F)(F)F)[C@H]2OCC5=CC=CC=C5)(CO[C@H](O3)C6=CC=CC=C6)[H])[H],trifluoroacetimidate,N(C(OCC(Cl)(Cl)Cl)=O)[C@@H]1[C@@H](OCC2=CC=CC=C2)[C@H](O)[C@@H](COCC3=CC=CC=C3)O[C@@H]1OCC=C,Dichloromethane,ClCCl,1,Trimethylsilyl triflate,O=S(=O)(O[Si](C)(C)C)C(F)(F)F,1,25,1,,0,b,1,FC(F)(F)C(=Nc1ccccc1)OC1O[C@@H]2CO[C@@H](c3ccccc3)O[C@H]2[C@H](OCc2ccccc2)[C@@H]1OCc1ccccc1,C=CCO[C@H]1O[C@H](COCc2ccccc2)[C@@H](O)[C@H](OCc2ccccc2)[C@H]1NC(=O)OCC(Cl)(Cl)Cl,00509680
32,"Organic Process Research & Development (2009), 13(5), 983-990",期刊,2009,31-010-CAS-4396207,O(CC1=CC=CC=C1)[C@H]2[C@]3([C@](OC(OC(=NC4=CC=CC=C4)C(F)(F)F)[C@H]2OCC5=CC=CC=C5)(CO[C@H](O3)C6=CC=CC=C6)[H])[H],trifluoroacetimidate,N(C(OCC(Cl)(Cl)Cl)=O)[C@@H]1[C@@H](OCC2=CC=CC=C2)[C@H](O)[C@@H](COCC3=CC=CC=C3)O[C@@H]1OCC=C,Dichloromethane,ClCCl,1,Trimethylsilyl triflate,O=S(=O)(O[Si](C)(C)C)C(F)(F)F,1,-90,1,,0,b,1,FC(F)(F)C(=Nc1ccccc1)OC1O[C@@H]2CO[C@@H](c3ccccc3)O[C@H]2[C@H](OCc2ccccc2)[C@@H]1OCc1ccccc1,C=CCO[C@H]1O[C@H](COCc2ccccc2)[C@@H](O)[C@H](OCc2ccccc2)[C@H]1NC(=O)OCC(Cl)(Cl)Cl,00509680
33,"Organic Process Research & Development (2009), 13(5), 983-990",期刊,2009,31-010-CAS-3211530,O(CC1=CC=CC=C1)[C@H]2[C@]3([C@](OC(OC(=NC4=CC=CC=C4)C(F)(F)F)[C@H]2OCC5=CC=CC=C5)(CO[C@H](O3)C6=CC=CC=C6)[H])[H],trifluoroacetimidate,N(C(OCC(Cl)(Cl)Cl)=O)[C@@H]1[C@@H](OCC2=CC=CC=C2)[C@H](O)[C@@H](COCC3=CC=CC=C3)O[C@@H]1OCC=C,Dichloromethane,ClCCl,1,Trimethylsilyl triflate,O=S(=O)(O[Si](C)(C)C)C(F)(F)F,1,25,1,,0,b,1,FC(F)(F)C(=Nc1ccccc1)OC1O[C@@H]2CO[C@@H](c3ccccc3)O[C@H]2[C@H](OCc2ccccc2)[C@@H]1OCc1ccccc1,C=CCO[C@H]1O[C@H](COCc2ccccc2)[C@@H](O)[C@H](OCc2ccccc2)[C@H]1NC(=O)OCC(Cl)(Cl)Cl,00509680
34,"Carbohydrate Research (2007), 342(8), 1021-1029",期刊,2007,31-013-CAS-5629637,O(CC1=CC=CC=C1)[C@H]2[C@H](OCC3=CC=CC=C3)[C@@H](OC(=NC4=CC=CC=C4)C(F)(F)F)O[C@@H](C)[C@H]2OCC5=CC=CC=C5,trifluoroacetimidate,[Si](O[C@H]1[C@H](NC(OCC(Cl)(Cl)Cl)=O)[C@@H](OC(OCC2=CC=CC=C2)=O)[C@H](O)[C@@H](COCC3=CC=CC=C3)O1)(C(C)(C)C)(C4=CC=CC=C4)C5=CC=CC=C5,Dichloromethane,ClCCl,1,Triethylamine,N(CC)(CC)CC,1,-50,1,,0,a,0,C[C@@H]1O[C@H](OC(=Nc2ccccc2)C(F)(F)F)[C@@H](OCc2ccccc2)[C@H](OCc2ccccc2)[C@@H]1OCc1ccccc1,CC(C)(C)[Si](O[C@@H]1O[C@H](COCc2ccccc2)[C@@H](O)[C@H](OC(=O)OCc2ccccc2)[C@H]1NC(=O)OCC(Cl)(Cl)Cl)(c1ccccc1)c1ccccc1,C689E07A
35,"Journal of the American Chemical Society (2018), 140(49), 17079-17085",期刊,2018,31-010-CAS-19947216,O(C(C)=O)[C@H]1[C@]2([C@](OC(OC(=NC3=CC=CC=C3)C(F)(F)F)[C@@H]1OC(CCC(C)=O)=O)(COC(O2)C4=CC=CC=C4)[H])[H],trifluoroacetimidate,N(C(C(Cl)(Cl)Cl)=O)[C@@H]1[C@@H](OC(C)=O)[C@H](O)[C@@H](COCC2=CC=CC=C2)O[C@H]1OCC=C,Dichloromethane,ClCCl,1,Trifluoromethanesulfonic acid,O=S(=O)(O)C(F)(F)F,1,25,1,30.0,1,b,1,CC(=O)CCC(=O)O[C@H]1C(OC(=Nc2ccccc2)C(F)(F)F)O[C@@H]2COC(c3ccccc3)O[C@H]2[C@@H]1OC(C)=O,C=CCO[C@@H]1O[C@H](COCc2ccccc2)[C@@H](O)[C@H](OC(C)=O)[C@H]1NC(=O)C(Cl)(Cl)Cl,F581FF49
36,"Journal of the American Chemical Society (2011), 133(1), 102-107",期刊,2011,31-010-CAS-12535844,N(=[N+]=[N-])[C@@H]1[C@@H](OC(C)=O)[C@@H](NC(OCC2=CC=CC=C2)=O)[C@@H](C)OC1OC(=NC3=CC=CC=C3)C(F)(F)F,trifluoroacetimidate,O([Si](C(C)(C)C)(C)C)[C@H]1[C@H](N=[N+]=[N-])[C@@H](OCC2=CC3=C(C=C2)C=CC=C3)[C@@H](O)[C@@H](COCC4=CC=CC=C4)O1,Dichloromethane,ClCCl,1,Pyridine,N=1C=CC=CC1,1,0,1,60.0,1,a,0,CC(=O)O[C@H]1[C@@H](NC(=O)OCc2ccccc2)[C@@H](C)OC(OC(=Nc2ccccc2)C(F)(F)F)[C@@H]1N=[N+]=[N-],CC(C)(C)[Si](C)(C)O[C@@H]1O[C@H](COCc2ccccc2)[C@H](O)[C@H](OCc2ccc3ccccc3c2)[C@H]1N=[N+]=[N-],24EECB3F
37,"Organic Letters (2010), 12(7), 1624-1627",期刊,2010,31-010-CAS-13960199,N(=[N+]=[N-])[C@@H]1[C@@H](OC(C)=O)[C@@H](NC(OCC2=CC=CC=C2)=O)[C@@H](C)OC1OC(=NC3=CC=CC=C3)C(F)(F)F,trifluoroacetimidate,O([Si](C(C)(C)C)(C)C)[C@H]1[C@H](N=[N+]=[N-])[C@@H](OCC2=CC3=C(C=C2)C=CC=C3)[C@@H](O)[C@@H](COCC4=CC=CC=C4)O1,Dichloromethane,ClCCl,1,Pyridine,N=1C=CC=CC1,1,0,1,60.0,1,a,0,CC(=O)O[C@H]1[C@@H](NC(=O)OCc2ccccc2)[C@@H](C)OC(OC(=Nc2ccccc2)C(F)(F)F)[C@@H]1N=[N+]=[N-],CC(C)(C)[Si](C)(C)O[C@@H]1O[C@H](COCc2ccccc2)[C@H](O)[C@H](OCc2ccc3ccccc3c2)[C@H]1N=[N+]=[N-],24EECB3F
38,"Carbohydrate Research (2018), 464, 28-43",期刊,2018,31-010-CAS-19353800,O([Si](C(C)C)(C(C)C)C(C)C)[C@H]1[C@H](OC(=O)C2=CC=CC=C2)[C@H](OC(=O)C3=CC=CC=C3)[C@H](C)O[C@H]1OC(=NC4=CC=CC=C4)C(F)(F)F,trifluoroacetimidate,[Si](OC[C@@H]1[C@@H](O)[C@H](OC(=O)C2=CC=CC=C2)[C@@H](NC(C(F)(F)F)=O)[C@H](OC3=CC=C(OCCCl)C=C3)O1)(C(C)(C)C)(C4=CC=CC=C4)C5=CC=CC=C5,Dichloromethane,ClCCl,1,Sodium bicarbonate,[Na].O=C(O)O,1,22,1,60.0,1,a,0,CC(C)[Si](O[C@@H]1[C@H](OC(=Nc2ccccc2)C(F)(F)F)O[C@@H](C)[C@@H](OC(=O)c2ccccc2)[C@H]1OC(=O)c1ccccc1)(C(C)C)C(C)C,CC(C)(C)[Si](OC[C@H]1O[C@@H](Oc2ccc(OCCCl)cc2)[C@H](NC(=O)C(F)(F)F)[C@@H](OC(=O)c2ccccc2)[C@@H]1O)(c1ccccc1)c1ccccc1,F7FA1120
39,"Chemistry - A European Journal (2020), 26(67), 15605-15612",期刊,2020,31-614-CAS-24250583,N(C(OCC(Cl)(Cl)Cl)=O)[C@@H]1[C@@H](OC(C)=O)[C@@H](OC(C)=O)[C@@H](COC(C)=O)OC1OC(=NC2=CC=CC=C2)C(F)(F)F,trifluoroacetimidate,O([Si](C(C(C)C)(C)C)(C)C)[C@H]1[C@H](N=[N+]=[N-])[C@@H](OCC2=CC3=C(C=C2)C=CC=C3)[C@H](O)[C@@H](COCC4=CC=CC=C4)O1,Dichloromethane,ClCCl,1,Triethylamine,N(CC)(CC)CC,1,25,1,30.0,1,b,1,CC(=O)OC[C@H]1OC(OC(=Nc2ccccc2)C(F)(F)F)[C@H](NC(=O)OCC(Cl)(Cl)Cl)[C@@H](OC(C)=O)[C@H]1OC(C)=O,CC(C)C(C)(C)[Si](C)(C)O[C@@H]1O[C@H](COCc2ccccc2)[C@@H](O)[C@H](OCc2ccc3ccccc3c2)[C@H]1N=[N+]=[N-],416C855C
40,"Angewandte Chemie, International Edition (2020), 59(32), 13362-13370",期刊,2020,31-010-CAS-22375200,O(CC1=CC=CC=C1)[C@@H]2[C@@H](OC(CCC(C)=O)=O)C(OC(=NC3=CC=CC=C3)C(F)(F)F)O[C@H](COCC4=CC=CC=C4)[C@@H]2OCC5=CC=CC=C5,trifluoroacetimidate,N(C(C(Cl)(Cl)Cl)=O)[C@@H]1[C@@H](OC(CCC(C)=O)=O)[C@H](O)[C@@H](COCC2=CC=CC=C2)O[C@H]1SCC,Dichloromethane,ClCCl,1,Triethylamine,N(CC)(CC)CC,1,0,1,210.0,1,b,1,CC(=O)CCC(=O)O[C@H]1C(OC(=Nc2ccccc2)C(F)(F)F)O[C@H](COCc2ccccc2)[C@H](OCc2ccccc2)[C@@H]1OCc1ccccc1,CCS[C@@H]1O[C@H](COCc2ccccc2)[C@@H](O)[C@H](OC(=O)CCC(C)=O)[C@H]1NC(=O)C(Cl)(Cl)Cl,71EE6AE6
41,"Journal of Organic Chemistry (2011), 76(13), 5229-5239",期刊,2011,31-010-CAS-14362216,O(CC=C)[C@H]1[C@@]2([C@](OC(OC(=NC3=CC=CC=C3)C(F)(F)F)[C@@H]1NC(C(Cl)(Cl)Cl)=O)(CO[C@@H](O2)C4=CC=CC=C4)[H])[H],trifluoroacetimidate,[Si](O[C@H]1[C@H](NC(C(Cl)(Cl)Cl)=O)[C@@H](OCC2=CC=CC=C2)[C@H](O)[C@@H](COCC3=CC=CC=C3)O1)(C(C)(C)C)(C4=CC=CC=C4)C5=CC=CC=C5,Dichloromethane,ClCCl,1,Sodium bicarbonate,[Na].O=C(O)O,1,-78,1,90.0,1,b,1,C=CCO[C@H]1[C@H]2O[C@@H](c3ccccc3)OC[C@H]2OC(OC(=Nc2ccccc2)C(F)(F)F)[C@@H]1NC(=O)C(Cl)(Cl)Cl,CC(C)(C)[Si](O[C@@H]1O[C@H](COCc2ccccc2)[C@@H](O)[C@H](OCc2ccccc2)[C@H]1NC(=O)C(Cl)(Cl)Cl)(c1ccccc1)c1ccccc1,F43A3D00
42,"Organic Letters (2010), 12(7), 1624-1627",期刊,2010,31-010-CAS-2693928,N(=[N+]=[N-])[C@@H]1[C@@H](OC(C)=O)[C@@H](NC(OCC2=CC=CC=C2)=O)[C@@H](C)OC1OC(=NC3=CC=CC=C3)C(F)(F)F,trifluoroacetimidate,C(OC(O[C@@H]1[C@@H](N=[N+]=[N-])[C@H](O[Si](C(C)(C)C)(C)C)O[C@H](COCC2=CC=CC=C2)[C@@H]1O)=O)C3C=4C(C=5C3=CC=CC5)=CC=CC4,Dichloromethane,ClCCl,1,Pyridine,N=1C=CC=CC1,1,0,1,60.0,1,a,0,CC(=O)O[C@H]1[C@@H](NC(=O)OCc2ccccc2)[C@@H](C)OC(OC(=Nc2ccccc2)C(F)(F)F)[C@@H]1N=[N+]=[N-],CC(C)(C)[Si](C)(C)O[C@@H]1O[C@H](COCc2ccccc2)[C@H](O)[C@H](OC(=O)OCC2c3ccccc3-c3ccccc32)[C@H]1N=[N+]=[N-],079808CC
43,"Synlett (2014), 25(3), 365-370",期刊,2014,31-010-CAS-9560827,O([C@H]1[C@H](OC(OCC2=CC=CC=C2)=O)[C@@H](NC(OCC(Cl)(Cl)Cl)=O)[C@@H](OC(=NC3=CC=CC=C3)C(F)(F)F)O[C@@H]1COCC4=CC=CC=C4)[C@H]5[C@H](N=[N+]=[N-])[C@@H](OCC6=CC=CC=C6)[C@H](OCC7=CC=C(OC)C=C7)[C@@H](COCC8=CC=CC=C8)O5,trifluoroacetimidate,O([C@H]1[C@H](OC(OCC2=CC=CC=C2)=O)[C@@H](NC(OCC(Cl)(Cl)Cl)=O)[C@@H](OCC=C)O[C@@H]1COCC3=CC=CC=C3)[C@H]4[C@H](N=[N+]=[N-])[C@@H](OCC5=CC=CC=C5)[C@H](O)[C@@H](COCC6=CC=CC=C6)O4,Dichloromethane,ClCCl,1,,,0,-30,1,1.0,1,b,1,COc1ccc(CO[C@H]2[C@H](OCc3ccccc3)[C@@H](N=[N+]=[N-])[C@H](O[C@H]3[C@H](OC(=O)OCc4ccccc4)[C@@H](NC(=O)OCC(Cl)(Cl)Cl)[C@@H](OC(=Nc4ccccc4)C(F)(F)F)O[C@@H]3COCc3ccccc3)O[C@@H]2COCc2ccccc2)cc1,C=CCO[C@H]1O[C@H](COCc2ccccc2)[C@@H](O[C@@H]2O[C@H](COCc3ccccc3)[C@@H](O)[C@H](OCc3ccccc3)[C@H]2N=[N+]=[N-])[C@H](OC(=O)OCc2ccccc2)[C@H]1NC(=O)OCC(Cl)(Cl)Cl,D030F9C1
44,"Organic Letters (2022), 24(19), 3461-3465",期刊,2022,31-614-CAS-36324798,O(CC1=CC=CC=C1)[C@H]2[C@@]3([C@](O[C@H](OC[C@@H]4[C@H](OCC5=CC=CC=C5)[C@H](OCC6=CC=CC=C6)[C@@H](N=[N+]=[N-])C(OC(=NC7=CC=CC=C7)C(F)(F)F)O4)[C@@H]2N=[N+]=[N-])(CO[C@](C(OC)=O)(C)O3)[H])[H],trifluoroacetimidate,O([C@@H]1[C@@H](N=[N+]=[N-])[C@@H](OCCCCCN(CC2=CC=CC=C2)C(OCC3=CC=CC=C3)=O)O[C@H](C)[C@H]1OCC4=CC=CC=C4)[C@@H]5[C@H](N=[N+]=[N-])[C@@H](OCC6=CC=CC=C6)[C@@H](O)[C@@H](C(OC)=O)O5,Dichloromethane,ClCCl,1,Triethylamine,N(CC)(CC)CC,1,18,1,100.0,1,a,0,COC(=O)[C@]1(C)OC[C@H]2O[C@H](OC[C@H]3OC(OC(=Nc4ccccc4)C(F)(F)F)[C@H](N=[N+]=[N-])[C@@H](OCc4ccccc4)[C@H]3OCc3ccccc3)[C@H](N=[N+]=[N-])[C@@H](OCc3ccccc3)[C@H]2O1,COC(=O)[C@H]1O[C@H](O[C@@H]2[C@@H](N=[N+]=[N-])[C@@H](OCCCCCN(Cc3ccccc3)C(=O)OCc3ccccc3)O[C@H](C)[C@H]2OCc2ccccc2)[C@H](N=[N+]=[N-])[C@@H](OCc2ccccc2)[C@H]1O,729BF20B
45,"ChemBioChem (2013), 14(4), 482-488",期刊,2013,31-010-CAS-16634873,O([C@H]1[C@H](OCC2=CC=CC=C2)[C@@H](NC(OCC(Cl)(Cl)Cl)=O)C(OC(=NC3=CC=CC=C3)C(F)(F)F)O[C@@H]1COCC4=CC=CC=C4)[C@H]5[C@H](NC(OCC(Cl)(Cl)Cl)=O)[C@@H](O[C@@H](C(OCC)=O)C)[C@]6([C@](O5)(CO[C@H](O6)C7=CC=CC=C7)[H])[H],trifluoroacetimidate,O([C@H]1[C@H](OCC2=CC=CC=C2)[C@@H](NC(OCC(Cl)(Cl)Cl)=O)[C@@H](OCC=C)O[C@@H]1COCC3=CC=CC=C3)[C@H]4[C@H](NC(OCC(Cl)(Cl)Cl)=O)[C@@H](O[C@@H](C(OCC)=O)C)[C@H](O)[C@@H](COCC5=CC=CC=C5)O4,Dichloromethane,ClCCl,1,Sodium bicarbonate,[Na].O=C(O)O,1,-15,1,20.0,1,b,1,CCOC(=O)[C@@H](C)O[C@@H]1[C@@H](NC(=O)OCC(Cl)(Cl)Cl)[C@H](O[C@H]2[C@H](OCc3ccccc3)[C@@H](NC(=O)OCC(Cl)(Cl)Cl)C(OC(=Nc3ccccc3)C(F)(F)F)O[C@@H]2COCc2ccccc2)O[C@@H]2CO[C@@H](c3ccccc3)O[C@@H]12,C=CCO[C@H]1O[C@H](COCc2ccccc2)[C@@H](O[C@@H]2O[C@H](COCc3ccccc3)[C@@H](O)[C@H](O[C@H](C)C(=O)OCC)[C@H]2NC(=O)OCC(Cl)(Cl)Cl)[C@H](OCc2ccccc2)[C@H]1NC(=O)OCC(Cl)(Cl)Cl,EA2F8371
46,"Molecules (2016), 21(5), 614/1-614/19",期刊,2016,31-010-CAS-16794672,O(CC1=CC=C(OC)C=C1)[C@H]2[C@H](OC(C)=O)[C@H](OC(C)=O)[C@H](C)OC2OC(=NC3=CC=CC=C3)C(F)(F)F,trifluoroacetimidate,[Si](O[C@H]1[C@H](NC(C(Cl)(Cl)Cl)=O)[C@@H](O[C@H]2[C@H](OCC3=CC=CC=C3)[C@@H](OCC=C)[C@@H](OCC4=CC=CC=C4)[C@@H](COCC5=CC=CC=C5)O2)[C@H](O)[C@@H](COCC6=CC=CC=C6)O1)(C(C)(C)C)(C7=CC=CC=C7)C8=CC=CC=C8,Dichloromethane,ClCCl,1,Sodium bicarbonate,[Na].O=C(O)O,1,-40,1,60.0,1,a,0,COc1ccc(CO[C@@H]2C(OC(=Nc3ccccc3)C(F)(F)F)O[C@@H](C)[C@@H](OC(C)=O)[C@H]2OC(C)=O)cc1,C=CCO[C@H]1[C@@H](OCc2ccccc2)[C@@H](COCc2ccccc2)O[C@@H](O[C@H]2[C@H](O)[C@@H](COCc3ccccc3)O[C@@H](O[Si](c3ccccc3)(c3ccccc3)C(C)(C)C)[C@@H]2NC(=O)C(Cl)(Cl)Cl)[C@@H]1OCc1ccccc1,FF324410
47,"Carbohydrate Research (2018), 464, 28-43",期刊,2018,31-010-CAS-19353817,O([Si](C(C)C)(C(C)C)C(C)C)[C@H]1[C@H](OC(=O)C2=CC=CC=C2)[C@H](OC(=O)C3=CC=CC=C3)[C@H](C)O[C@H]1OC(=NC4=CC=CC=C4)C(F)(F)F,trifluoroacetimidate,[Si](OC[C@@H]1[C@H](OC(C)=O)[C@H](O[C@H]2[C@H](OC(C)=O)[C@H](OC(C)=O)[C@@H](OC(C)=O)[C@H](C)O2)[C@@H](OC(C)=O)[C@H](O[C@@H]3[C@@H](NC(C(F)(F)F)=O)[C@H](OC4=CC=C(OCCCl)C=C4)O[C@H](CO[Si](C(C)(C)C)(C5=CC=CC=C5)C6=CC=CC=C6)[C@H]3O)O1)(C(C)(C)C)(C7=CC=CC=C7)C8=CC=CC=C8,Dichloromethane,ClCCl,1,Sodium bicarbonate,[Na].O=C(O)O,1,22,1,60.0,1,a,0,CC(C)[Si](O[C@@H]1[C@H](OC(=Nc2ccccc2)C(F)(F)F)O[C@@H](C)[C@@H](OC(=O)c2ccccc2)[C@H]1OC(=O)c1ccccc1)(C(C)C)C(C)C,CC(=O)O[C@@H]1[C@@H](OC(C)=O)[C@H](C)O[C@@H](O[C@H]2[C@@H](OC(C)=O)[C@@H](CO[Si](c3ccccc3)(c3ccccc3)C(C)(C)C)O[C@@H](O[C@H]3[C@H](O)[C@@H](CO[Si](c4ccccc4)(c4ccccc4)C(C)(C)C)O[C@@H](Oc4ccc(OCCCl)cc4)[C@@H]3NC(=O)C(F)(F)F)[C@@H]2OC(C)=O)[C@@H]1OC(C)=O,EE0E99DD
48,"Science (Washington, DC, United States) (2013), 341(6144), 379-383",期刊,2013,31-013-CAS-9679278,O([C@H]1[C@H](OCC2=CC=CC=C2)[C@@H](NC(OCC(Cl)(Cl)Cl)=O)C(OC(=NC3=CC=CC=C3)C(F)(F)F)O[C@@H]1COCC4=CC=CC=C4)[C@H]5[C@@H](OCC6=CC=CC=C6)[C@@H](OCC7=CC8=C(C=C7)C=CC=C8)[C@]9([C@](O5)(CO[C@H](O9)C%10=CC=CC=C%10)[H])[H],trifluoroacetimidate,N(C(OCC(Cl)(Cl)Cl)=O)[C@@H]1[C@@H](OCC2=CC=CC=C2)[C@H](O)[C@@H](COCC3=CC=CC=C3)O[C@H]1OCC4=CC=CC=C4,Dichloromethane,ClCCl,1,Triethylamine,N(CC)(CC)CC,1,-70,1,60.0,1,b,1,O=C(N[C@H]1C(OC(=Nc2ccccc2)C(F)(F)F)O[C@H](COCc2ccccc2)[C@@H](O[C@@H]2O[C@@H]3CO[C@@H](c4ccccc4)O[C@H]3[C@H](OCc3ccc4ccccc4c3)[C@@H]2OCc2ccccc2)[C@@H]1OCc1ccccc1)OCC(Cl)(Cl)Cl,O=C(N[C@H]1[C@H](OCc2ccccc2)O[C@H](COCc2ccccc2)[C@@H](O)[C@@H]1OCc1ccccc1)OCC(Cl)(Cl)Cl,A8E8D47B
49,"World Intellectual Property Organization, WO2012135049 A1 2012-10-04",专利,2012,31-013-CAS-4903118,O([C@H]1[C@H](OCC2=CC=CC=C2)[C@@H](NC(OCC(Cl)(Cl)Cl)=O)[C@H](OC(=NC3=CC=CC=C3)C(F)(F)F)O[C@@H]1COCC4=CC=CC=C4)[C@H]5[C@@H](OCC6=CC=CC=C6)[C@@H](OCC7=CC8=C(C=C7)C=CC=C8)[C@]9([C@](O5)(CO[C@H](O9)C%10=CC=CC=C%10)[H])[H],trifluoroacetimidate,N(C(OCC(Cl)(Cl)Cl)=O)[C@@H]1[C@@H](OCC2=CC=CC=C2)[C@H](O)[C@@H](COCC3=CC=CC=C3)O[C@H]1OCC4=CC=CC=C4,Dichloromethane,ClCCl,1,Trifluoromethanesulfonic acid,O=S(=O)(O)C(F)(F)F,1,-70,1,,0,b,1,O=C(N[C@H]1[C@H](OC(=Nc2ccccc2)C(F)(F)F)O[C@H](COCc2ccccc2)[C@@H](O[C@@H]2O[C@@H]3CO[C@@H](c4ccccc4)O[C@H]3[C@H](OCc3ccc4ccccc4c3)[C@@H]2OCc2ccccc2)[C@@H]1OCc1ccccc1)OCC(Cl)(Cl)Cl,O=C(N[C@H]1[C@H](OCc2ccccc2)O[C@H](COCc2ccccc2)[C@@H](O)[C@@H]1OCc1ccccc1)OCC(Cl)(Cl)Cl,FAA6572D
50,"Chemistry Letters (2014), 43(9), 1461-1463",期刊,2014,31-010-CAS-16753631,C(OC(O[C@H]1[C@H](OCC2=CC=CC=C2)[C@@H](NC(OCC(Cl)(Cl)Cl)=O)C(OC(=NC3=CC=CC=C3)C(F)(F)F)O[C@@H]1COCC4=CC=CC=C4)=O)C5C=6C(C=7C5=CC=CC7)=CC=CC6,trifluoroacetimidate,N(C(OCC(Cl)(Cl)Cl)=O)[C@@H]1[C@@H](O[C@@H](C(OCC)=O)C)[C@H](O)[C@@H](COCC2=CC=CC=C2)O[C@@H]1OCC=C,Dichloromethane,ClCCl,1,Trimethylsilyl triflate,O=S(=O)(O[Si](C)(C)C)C(F)(F)F,1,-15,1,30.0,1,b,1,O=C(N[C@H]1C(OC(=Nc2ccccc2)C(F)(F)F)O[C@H](COCc2ccccc2)[C@@H](OC(=O)OCC2c3ccccc3-c3ccccc32)[C@@H]1OCc1ccccc1)OCC(Cl)(Cl)Cl,C=CCO[C@H]1O[C@H](COCc2ccccc2)[C@@H](O)[C@H](O[C@H](C)C(=O)OCC)[C@H]1NC(=O)OCC(Cl)(Cl)Cl,6FF22CD0
51,"Tetrahedron Letters (2009), 50(50), 7051-7054",期刊,2009,31-010-CAS-13291590,O(CC1=CC=CC=C1)[C@@H]2[C@@H](OC(OC)=O)C(OC(=NC3=CC=CC=C3)C(F)(F)F)O[C@H](COCC4=CC=CC=C4)[C@@H]2OCC5=CC=CC=C5,trifluoroacetimidate,O=C1N(C(=O)C=2C1=CC=CC2)[C@H]3[C@H](OCC=C)O[C@H](COCC4=CC=CC=C4)[C@@H](O)[C@@H]3O,Toluene,C=1C=CC(=CC1)C,1,Pyridine,N=1C=CC=CC1,1,25,1,30.0,1,b,1,COC(=O)O[C@H]1C(OC(=Nc2ccccc2)C(F)(F)F)O[C@H](COCc2ccccc2)[C@H](OCc2ccccc2)[C@@H]1OCc1ccccc1,C=CCO[C@@H]1O[C@H](COCc2ccccc2)[C@@H](O)[C@H](O)[C@H]1N1C(=O)c2ccccc2C1=O,B6A1E51E
52,"Carbohydrate Research (2018), 464, 28-43",期刊,2018,31-010-CAS-19353803,O([Si](C(C)C)(C(C)C)C(C)C)[C@H]1[C@H](OC(=O)C2=CC=CC=C2)[C@H](OC(=O)C3=CC=CC=C3)[C@H](C)O[C@H]1OC(=NC4=CC=CC=C4)C(F)(F)F,trifluoroacetimidate,[Si](OC[C@@H]1[C@@H](O)[C@H](O[C@H]2[C@H](OC(C)=O)[C@@H](OC(C)=O)[C@@H](OC(C)=O)[C@@H](COC(C)=O)O2)[C@@H](NC(C(F)(F)F)=O)[C@H](OC3=CC=C(OCCCl)C=C3)O1)(C(C)(C)C)(C4=CC=CC=C4)C5=CC=CC=C5,Dichloromethane,ClCCl,1,Sodium bicarbonate,[Na].O=C(O)O,1,22,1,60.0,1,a,0,CC(C)[Si](O[C@@H]1[C@H](OC(=Nc2ccccc2)C(F)(F)F)O[C@@H](C)[C@@H](OC(=O)c2ccccc2)[C@H]1OC(=O)c1ccccc1)(C(C)C)C(C)C,CC(=O)OC[C@H]1O[C@@H](O[C@H]2[C@H](O)[C@@H](CO[Si](c3ccccc3)(c3ccccc3)C(C)(C)C)O[C@@H](Oc3ccc(OCCCl)cc3)[C@@H]2NC(=O)C(F)(F)F)[C@H](OC(C)=O)[C@@H](OC(C)=O)[C@H]1OC(C)=O,ABA5B8D2
53,"Chemistry - An Asian Journal (2009), 4(4), 574-580",期刊,2009,31-013-CAS-12466161,O(CC1=CC(Cl)=C(N=[N+]=[N-])C=C1)[C@H]2[C@]3([C@](OC(OC(=NC4=CC=CC=C4)C(F)(F)F)[C@H]2OCC5=CC=CC=C5)(CO[C@H](O3)C6=CC=CC=C6)[H])[H],trifluoroacetimidate,N(C(OCC(Cl)(Cl)Cl)=O)[C@@H]1[C@@H](OCC2=CC=CC=C2)[C@H](O)[C@@H](COCC3=CC=CC=C3)O[C@@H]1OCC=C,Dichloromethane;Diethyl ether,ClCCl;O(CC)CC,1,Silylium,[SiH3+],1,-78,1,15.0,1,b,1,[N-]=[N+]=Nc1ccc(CO[C@H]2[C@@H]3O[C@H](c4ccccc4)OC[C@H]3OC(OC(=Nc3ccccc3)C(F)(F)F)[C@H]2OCc2ccccc2)cc1Cl,C=CCO[C@H]1O[C@H](COCc2ccccc2)[C@@H](O)[C@H](OCc2ccccc2)[C@H]1NC(=O)OCC(Cl)(Cl)Cl,9CC2B1EC
54,"Organic Letters (2014), 16(18), 4892-4895",期刊,2014,31-010-CAS-6047664,N(C(C(Cl)(Cl)Cl)=O)[C@@H]1[C@@H](OC(C)=O)[C@@H](N=[N+]=[N-])[C@@H](C)O[C@H]1OC(=NC2=CC=CC=C2)C(F)(F)F,trifluoroacetimidate,O([C@@H]1[C@@H](NC(C(Cl)(Cl)Cl)=O)[C@H](OCC=C)O[C@H](C)[C@@H]1N=[N+]=[N-])[C@H]2[C@H](NC(C(Cl)(Cl)Cl)=O)[C@@H](OCC3=CC=CC=C3)[C@@H](O)[C@H](C(OCC4=CC=CC=C4)=O)O2,Dichloroethane,ClCCCl,1,Trimethylsilyl triflate,O=S(=O)(O[Si](C)(C)C)C(F)(F)F,1,25,1,30.0,1,b,1,CC(=O)O[C@H]1[C@@H](N=[N+]=[N-])[C@@H](C)O[C@@H](OC(=Nc2ccccc2)C(F)(F)F)[C@@H]1NC(=O)C(Cl)(Cl)Cl,C=CCO[C@@H]1O[C@H](C)[C@H](N=[N+]=[N-])[C@H](O[C@@H]2O[C@@H](C(=O)OCc3ccccc3)[C@H](O)[C@H](OCc3ccccc3)[C@H]2NC(=O)C(Cl)(Cl)Cl)[C@H]1NC(=O)C(Cl)(Cl)Cl,D7644676
55,"European Journal of Organic Chemistry (2020), 2020(27), 4146-4160",期刊,2020,31-010-CAS-22654654,O([Si](C(C)C)(C(C)C)C(C)C)[C@H]1[C@H](OC(=O)C2=CC=CC=C2)[C@H](OC(=O)C3=CC=CC=C3)[C@H](C)O[C@H]1OC(=NC4=CC=CC=C4)C(F)(F)F,trifluoroacetimidate,[Si](OC[C@H]1O[C@@H](O[C@H]2[C@@H](OC(=O)C3=CC=CC=C3)[C@H](OC4=CC=C(OCCCl)C=C4)O[C@@H](C)[C@@H]2OC(=O)C5=CC=CC=C5)[C@H](NC(C(F)(F)F)=O)[C@@H](O[C@H]6[C@H](OC(C)=O)[C@@H](OC(C)=O)[C@@H](OC(C)=O)[C@@H](COC(C)=O)O6)[C@@H]1O)(C(C)(C)C)(C7=CC=CC=C7)C8=CC=CC=C8,Dichloromethane,ClCCl,1,Sodium bicarbonate,[Na].O=C(O)O,1,22,1,60.0,1,a,0,CC(C)[Si](O[C@@H]1[C@H](OC(=Nc2ccccc2)C(F)(F)F)O[C@@H](C)[C@@H](OC(=O)c2ccccc2)[C@H]1OC(=O)c1ccccc1)(C(C)C)C(C)C,CC(=O)OC[C@H]1O[C@@H](O[C@H]2[C@H](O)[C@@H](CO[Si](c3ccccc3)(c3ccccc3)C(C)(C)C)O[C@@H](O[C@@H]3[C@@H](OC(=O)c4ccccc4)[C@H](C)O[C@@H](Oc4ccc(OCCCl)cc4)[C@@H]3OC(=O)c3ccccc3)[C@@H]2NC(=O)C(F)(F)F)[C@H](OC(C)=O)[C@@H](OC(C)=O)[C@H]1OC(C)=O,CA1431E2
56,"Chemistry - A European Journal (2016), 22(52), 18742-18746",期刊,2016,31-010-CAS-16962395,O([C@H]1[C@H](OCC2=CC=CC=C2)[C@@H](NC(OCC(Cl)(Cl)Cl)=O)[C@@H](OC(=NC3=CC=CC=C3)C(F)(F)F)O[C@@H]1COCC4=CC=CC=C4)[C@H]5[C@@H](OCC6=CC=CC=C6)[C@@H](OCC7=CC8=C(C=C7)C=CC=C8)[C@]9([C@](O5)(CO[C@H](O9)C%10=CC=CC=C%10)[H])[H],trifluoroacetimidate,N(C(OCC(Cl)(Cl)Cl)=O)[C@@H]1[C@@H](OCC2=CC=CC=C2)[C@H](O)[C@@H](COC(CCC(C)=O)=O)O[C@H]1OCC3=CC=CC=C3,Dichloromethane,ClCCl,1,Triethylamine,N(CC)(CC)CC,1,25,1,60.0,1,b,1,O=C(N[C@H]1[C@@H](OC(=Nc2ccccc2)C(F)(F)F)O[C@H](COCc2ccccc2)[C@@H](O[C@@H]2O[C@@H]3CO[C@@H](c4ccccc4)O[C@H]3[C@H](OCc3ccc4ccccc4c3)[C@@H]2OCc2ccccc2)[C@@H]1OCc1ccccc1)OCC(Cl)(Cl)Cl,CC(=O)CCC(=O)OC[C@H]1O[C@@H](OCc2ccccc2)[C@H](NC(=O)OCC(Cl)(Cl)Cl)[C@@H](OCc2ccccc2)[C@@H]1O,001762C0
57,"Chemistry - An Asian Journal (2017), 12(1), 27-30",期刊,2017,31-010-CAS-16604921,O([C@H]1[C@H](O[C@@H](C(OCC)=O)C)[C@@H](NC(OCC(Cl)(Cl)Cl)=O)C(OC(=NC2=CC=CC=C2)C(F)(F)F)O[C@@H]1COCC3=CC=CC=C3)[C@H]4[C@H](NC(OCC(Cl)(Cl)Cl)=O)[C@@H](OCC5=CC=CC=C5)[C@H](OC(OCC6C=7C(C=8C6=CC=CC8)=CC=CC7)=O)[C@@H](COCC9=CC=CC=C9)O4,trifluoroacetimidate,O([C@H]1[C@H](O[C@@H](C(OCC)=O)C)[C@@H](NC(OCC(Cl)(Cl)Cl)=O)[C@@H](OCC=C)O[C@@H]1COCC2=CC=CC=C2)[C@H]3[C@H](NC(OCC(Cl)(Cl)Cl)=O)[C@@H](OCC4=CC=CC=C4)[C@H](O)[C@@H](COCC5=CC=CC=C5)O3,Dichloromethane,ClCCl,1,Sodium bicarbonate,[Na].O=C(O)O,1,-20,1,40.0,1,b,1,CCOC(=O)[C@@H](C)O[C@H]1[C@H](O[C@@H]2O[C@H](COCc3ccccc3)[C@@H](OC(=O)OCC3c4ccccc4-c4ccccc43)[C@H](OCc3ccccc3)[C@H]2NC(=O)OCC(Cl)(Cl)Cl)[C@@H](COCc2ccccc2)OC(OC(=Nc2ccccc2)C(F)(F)F)[C@@H]1NC(=O)OCC(Cl)(Cl)Cl,C=CCO[C@H]1O[C@H](COCc2ccccc2)[C@@H](O[C@@H]2O[C@H](COCc3ccccc3)[C@@H](O)[C@H](OCc3ccccc3)[C@H]2NC(=O)OCC(Cl)(Cl)Cl)[C@H](O[C@H](C)C(=O)OCC)[C@H]1NC(=O)OCC(Cl)(Cl)Cl,113F4A1D
58,"Journal of the American Chemical Society (2022), 144(46), 21068-21079",期刊,2022,31-614-CAS-38242450,O(CC1=CC2=C(C=C1)C=CC=C2)[C@H]3[C@H](OC(CCC(C)=O)=O)C(OC(=NC4=CC=CC=C4)C(F)(F)F)O[C@@H](C)[C@@H]3OCC5=CC=CC=C5,trifluoroacetimidate,N(C(C)=O)[C@@H]1[C@@H](OCC2=CC=CC=C2)[C@H](O)[C@@H](COC(=O)C3=CC=CC=C3)O[C@@H]1OCCCN(CC4=CC=CC=C4)C(OCC5=CC=CC=C5)=O,Dichloromethane,ClCCl,1,Trimethylsilyl triflate,O=S(=O)(O[Si](C)(C)C)C(F)(F)F,1,25,1,30.0,1,b,1,CC(=O)CCC(=O)O[C@@H]1C(OC(=Nc2ccccc2)C(F)(F)F)O[C@@H](C)[C@H](OCc2ccccc2)[C@H]1OCc1ccc2ccccc2c1,CC(=O)N[C@H]1[C@@H](OCCCN(Cc2ccccc2)C(=O)OCc2ccccc2)O[C@H](COC(=O)c2ccccc2)[C@@H](O)[C@@H]1OCc1ccccc1,7FE2FDA5
59,"Angewandte Chemie, International Edition (2021), 60(46), 24686-24693",期刊,2021,31-614-CAS-35275420,O(C[C@@H]1[C@H](OC(C)=O)[C@H](OC(=O)C2=CC=CC=C2)[C@@H](OC(=O)C3=CC=CC=C3)C(OC(=NC4=CC=CC=C4)C(F)(F)F)O1)[C@@]5(C(OC)=O)O[C@@]([C@@H]([C@@H](COC(C)=O)OC(C)=O)OC(C)=O)([C@H](N=[N+]=[N-])[C@@H](OC(C)=O)C5)[H],trifluoroacetimidate,O([C@H]1[C@@H](OC(=O)C2=CC=CC=C2)[C@H](OC(C)=O)[C@@H](COC(C)=O)O[C@@H]1OCC=C)[C@H]3[C@H](NC(OCC(Cl)(Cl)Cl)=O)[C@@H](OCC4=CC=CC=C4)[C@H](O)[C@@H](COCC5=CC=CC=C5)O3,Dichloromethane,ClCCl,1,Sodium bicarbonate,[Na].O=C(O)O,1,0,1,30.0,1,b,1,COC(=O)[C@@]1(OC[C@H]2OC(OC(=Nc3ccccc3)C(F)(F)F)[C@H](OC(=O)c3ccccc3)[C@@H](OC(=O)c3ccccc3)[C@H]2OC(C)=O)C[C@H](OC(C)=O)[C@@H](N=[N+]=[N-])[C@H]([C@H](OC(C)=O)[C@@H](COC(C)=O)OC(C)=O)O1,C=CCO[C@H]1O[C@H](COC(C)=O)[C@@H](OC(C)=O)[C@H](OC(=O)c2ccccc2)[C@@H]1O[C@@H]1O[C@H](COCc2ccccc2)[C@@H](O)[C@H](OCc2ccccc2)[C@H]1NC(=O)OCC(Cl)(Cl)Cl,EEEB08EE
60,"Chemistry - A European Journal (2019), 25(71), 16277-16287",期刊,2019,31-010-CAS-21471849,O(CC=C)[C@H]1[C@@]2([C@](OC(OC(=NC3=CC=CC=C3)C(F)(F)F)[C@@H]1OC(=O)C4=CC=CC=C4)(CO[C@@H](O2)C5=CC=CC=C5)[H])[H],trifluoroacetimidate,O([C@H]1[C@@H]([C@@H](OCC2=CC=CC=C2)[C@H](O)[C@@H](COCC3=CC=CC=C3)O1)N4C(=O)C=5C(C4=O)=CC=CC5)[C@@H]6[C@@H](OC(=O)C7=CC=CC=C7)[C@H](O[C@H]8[C@H](OC(=O)C9=CC=CC=C9)[C@@H](OC(=O)C%10=CC=CC=C%10)[C@H](OCCCN=[N+]=[N-])O[C@@H]8COC(=O)C%11=CC=CC=C%11)O[C@H](COC(=O)C%12=CC=CC=C%12)[C@@H]6O,Dichloromethane,ClCCl,1,Trimethylsilyl triflate,O=S(=O)(O[Si](C)(C)C)C(F)(F)F,1,-5,1,120.0,1,b,1,C=CCO[C@H]1[C@H]2O[C@@H](c3ccccc3)OC[C@H]2OC(OC(=Nc2ccccc2)C(F)(F)F)[C@@H]1OC(=O)c1ccccc1,[N-]=[N+]=NCCCO[C@@H]1O[C@H](COC(=O)c2ccccc2)[C@@H](O[C@@H]2O[C@H](COC(=O)c3ccccc3)[C@H](O)[C@H](O[C@@H]3O[C@H](COCc4ccccc4)[C@@H](O)[C@H](OCc4ccccc4)[C@H]3N3C(=O)c4ccccc4C3=O)[C@H]2OC(=O)c2ccccc2)[C@H](OC(=O)c2ccccc2)[C@H]1OC(=O)c1ccccc1,47B92A91
61,"World Intellectual Property Organization, WO2012119769 A1 2012-09-13",专利,2012,31-010-CAS-9811876,C(OC(O[C@H]1[C@H](OCC2=CC=CC=C2)[C@@H](OCC3=CC=CC=C3)C(OC(=NC4=CC=CC=C4)C(F)(F)F)O[C@@H]1COCC5=CC=CC=C5)=O)C6C=7C(C=8C6=CC=CC8)=CC=CC7,trifluoroacetimidate,O([C@H]1[C@H](OCC2=CC=CC=C2)[C@@H](COCC3=CC=CC=C3)O[C@H](OCCCCCN(CC4=CC=CC=C4)C(OCC5=CC=CC=C5)=O)[C@H]1OC(=O)C6=CC=CC=C6)[C@H]7[C@H](NC(C)=O)[C@@H](O[C@H]8[C@H](OC(C)=O)[C@@H](OCC9=CC=CC=C9)[C@H](OCC%10=CC=CC=C%10)[C@@H](COCC%11=CC=CC=C%11)O8)[C@@H](O)[C@@H](COCC%12=CC=CC=C%12)O7,Dichloromethane;Diethyl ether,ClCCl;O(CC)CC,1,Trimethylsilyl triflate,O=S(=O)(O[Si](C)(C)C)C(F)(F)F,1,-45,1,,0,a,0,O=C(OCC1c2ccccc2-c2ccccc21)O[C@H]1[C@H](OCc2ccccc2)[C@@H](OCc2ccccc2)C(OC(=Nc2ccccc2)C(F)(F)F)O[C@@H]1COCc1ccccc1,CC(=O)N[C@H]1[C@H](O[C@@H]2[C@H](OC(=O)c3ccccc3)[C@@H](OCCCCCN(Cc3ccccc3)C(=O)OCc3ccccc3)O[C@H](COCc3ccccc3)[C@H]2OCc2ccccc2)O[C@H](COCc2ccccc2)[C@H](O)[C@@H]1O[C@@H]1O[C@H](COCc2ccccc2)[C@@H](OCc2ccccc2)[C@H](OCc2ccccc2)[C@H]1OC(C)=O,C2B740E4
62,"Chemistry - A European Journal (2020), 26(67), 15605-15612",期刊,2020,31-614-CAS-24250566,O(C(C)=O)[C@@H]1[C@H](C(OC(=NC2=CC=CC=C2)C(F)(F)F)O[C@H](COC(C)=O)[C@@H]1OC(C)=O)N3C(=O)C=4C(C3=O)=CC=CC4,trifluoroacetimidate,O([Si](C(C(C)C)(C)C)(C)C)[C@H]1[C@@H]([C@@H](OCC2=CC3=C(C=C2)C=CC=C3)[C@H](O)[C@@H](COCC4=CC=CC=C4)O1)N5C(=O)C=6C(C5=O)=CC=CC6,Dichloromethane,ClCCl,1,Trimethylsilyl triflate,O=S(=O)(O[Si](C)(C)C)C(F)(F)F,1,25,1,30.0,1,b,1,CC(=O)OC[C@H]1OC(OC(=Nc2ccccc2)C(F)(F)F)[C@H](N2C(=O)c3ccccc3C2=O)[C@@H](OC(C)=O)[C@H]1OC(C)=O,CC(C)C(C)(C)[Si](C)(C)O[C@@H]1O[C@H](COCc2ccccc2)[C@@H](O)[C@H](OCc2ccc3ccccc3c2)[C@H]1N1C(=O)c2ccccc2C1=O,CF9E160C
63,"World Intellectual Property Organization, WO2024053574 A1 2024-03-14",专利,2024,31-614-CAS-40997648,O(CC1=CC=CC=C1)[C@@H]2[C@H]([C@H](OC(=NC3=CC=CC=C3)C(F)(F)F)O[C@H](COCC4=CC=CC=C4)[C@H]2O[C@H]5[C@@H](OCC6=CC=CC=C6)[C@@H](O[C@@H]7[C@@H](OC(C)=O)[C@@H](OCC8=CC=CC=C8)[C@H](OCC9=CC=CC=C9)[C@@H](COCC%10=CC=CC=C%10)O7)[C@H](OCC%11=CC=CC=C%11)[C@@H](CO[C@@H]%12[C@@H](OC(C)=O)[C@@H](OCC%13=CC=CC=C%13)[C@H](OCC%14=CC=CC=C%14)[C@@H](COCC%15=CC=CC=C%15)O%12)O5)N%16C(=O)C=%17C(C%16=O)=CC=CC%17,trifluoroacetimidate,O([C@H]1[C@@H]([C@@H](OCC2=CC=CC=C2)[C@H](O)[C@@H](COCC3=CC=CC=C3)O1)N4C(=O)C=5C(C4=O)=CC=CC5)C6=CC=C(OC)C=C6,Dichloromethane,ClCCl,1,Trimethylsilyl triflate,O=S(=O)(O[Si](C)(C)C)C(F)(F)F,1,-7,1,60.0,1,b,1,CC(=O)O[C@@H]1[C@@H](OC[C@H]2O[C@@H](O[C@H]3[C@H](OCc4ccccc4)[C@@H](N4C(=O)c5ccccc5C4=O)[C@H](OC(=Nc4ccccc4)C(F)(F)F)O[C@@H]3COCc3ccccc3)[C@@H](OCc3ccccc3)[C@@H](O[C@H]3O[C@H](COCc4ccccc4)[C@@H](OCc4ccccc4)[C@H](OCc4ccccc4)[C@@H]3OC(C)=O)[C@@H]2OCc2ccccc2)O[C@H](COCc2ccccc2)[C@@H](OCc2ccccc2)[C@@H]1OCc1ccccc1,COc1ccc(O[C@@H]2O[C@H](COCc3ccccc3)[C@@H](O)[C@H](OCc3ccccc3)[C@H]2N2C(=O)c3ccccc3C2=O)cc1,3A6F3850
64,"Chemistry - An Asian Journal (2009), 4(4), 574-580",期刊,2009,31-010-CAS-12429416,O([C@H]1[C@H](OCC2=CC=CC=C2)[C@@H](NC(OCC(Cl)(Cl)Cl)=O)C(OC(=NC3=CC=CC=C3)C(F)(F)F)O[C@@H]1COCC4=CC=CC=C4)[C@H]5[C@@H](OCC6=CC=CC=C6)[C@@H](OCC7=CC(Cl)=C(N=[N+]=[N-])C=C7)[C@H](OC(C)=O)[C@@H](COC(OCC8C=9C(C=%10C8=CC=CC%10)=CC=CC9)=O)O5,trifluoroacetimidate,N(C(OCC(Cl)(Cl)Cl)=O)[C@@H]1[C@@H](OCC2=CC=CC=C2)[C@H](O)[C@@H](COCC3=CC=CC=C3)O[C@H]1OCC4=CC=C(COC(CCC(O)=O)=O)C=C4,Dichloromethane;Methanol,ClCCl;OC,1,Trimethylsilyl triflate,O=S(=O)(O[Si](C)(C)C)C(F)(F)F,1,25,1,60.0,1,b,1,CC(=O)O[C@H]1[C@H](OCc2ccc(N=[N+]=[N-])c(Cl)c2)[C@H](OCc2ccccc2)[C@H](O[C@H]2[C@H](OCc3ccccc3)[C@@H](NC(=O)OCC(Cl)(Cl)Cl)C(OC(=Nc3ccccc3)C(F)(F)F)O[C@@H]2COCc2ccccc2)O[C@@H]1COC(=O)OCC1c2ccccc2-c2ccccc21,O=C(O)CCC(=O)OCc1ccc(CO[C@@H]2O[C@H](COCc3ccccc3)[C@@H](O)[C@H](OCc3ccccc3)[C@H]2NC(=O)OCC(Cl)(Cl)Cl)cc1,01124443
65,"Analytical Chemistry (Washington, DC, United States) (2015), 87(22), 11460-11467",期刊,2015,31-013-CAS-2559995,O(CC1=CC=CC=C1)[C@@H]2[C@H]([C@H](OC(=NC3=CC=CC=C3)C(F)(F)F)O[C@H](COCC4=CC=CC=C4)[C@H]2O[C@H]5[C@@H](OC(C)=O)[C@@H](OCC6=CC7=C(C=C6)C=CC=C7)[C@]8([C@](O5)(CO[C@H](O8)C9=CC=CC=C9)[H])[H])N%10C(=O)C=%11C(C%10=O)=CC=CC%11,trifluoroacetimidate,O(CC1=CC=CC=C1)[C@@H]2[C@H]([C@H](OCC3=CC=CC=C3)O[C@H](COCC4=CC=CC=C4)[C@H]2O)N5C(=O)C=6C(C5=O)=CC=CC6,Dichloromethane,ClCCl,1,Trimethylsilyl triflate,O=S(=O)(O[Si](C)(C)C)C(F)(F)F,1,25,1,,0,b,1,CC(=O)O[C@@H]1[C@H](O[C@H]2[C@H](OCc3ccccc3)[C@@H](N3C(=O)c4ccccc4C3=O)[C@H](OC(=Nc3ccccc3)C(F)(F)F)O[C@@H]2COCc2ccccc2)O[C@@H]2CO[C@@H](c3ccccc3)O[C@H]2[C@@H]1OCc1ccc2ccccc2c1,O=C1c2ccccc2C(=O)N1[C@H]1[C@H](OCc2ccccc2)O[C@H](COCc2ccccc2)[C@@H](O)[C@@H]1OCc1ccccc1,E84DECAC
66,"World Intellectual Property Organization, WO2014161960 A1 2014-10-09",专利,2014,31-013-CAS-14305684,O(CC1=CC=CC=C1)[C@@H]2[C@H]([C@H](OC(=NC3=CC=CC=C3)C(F)(F)F)O[C@H](COCC4=CC=CC=C4)[C@H]2O[C@H]5[C@@H](OC(C)=O)[C@@H](OCC6=CC7=C(C=C6)C=CC=C7)[C@]8([C@](O5)(CO[C@H](O8)C9=CC=CC=C9)[H])[H])N%10C(=O)C=%11C(C%10=O)=CC=CC%11,trifluoroacetimidate,O(CC1=CC=CC=C1)[C@@H]2[C@H]([C@H](OCC3=CC=CC=C3)O[C@H](COCC4=CC=CC=C4)[C@H]2O)N5C(=O)C=6C(C5=O)=CC=CC6,Dichloromethane,ClCCl,1,Triethylamine,N(CC)(CC)CC,1,25,1,60.0,1,b,1,CC(=O)O[C@@H]1[C@H](O[C@H]2[C@H](OCc3ccccc3)[C@@H](N3C(=O)c4ccccc4C3=O)[C@H](OC(=Nc3ccccc3)C(F)(F)F)O[C@@H]2COCc2ccccc2)O[C@@H]2CO[C@@H](c3ccccc3)O[C@H]2[C@@H]1OCc1ccc2ccccc2c1,O=C1c2ccccc2C(=O)N1[C@H]1[C@H](OCc2ccccc2)O[C@H](COCc2ccccc2)[C@@H](O)[C@@H]1OCc1ccccc1,E84DECAC
67,"Chemistry - A European Journal (2010), 16(44), 13163-13175, S13163/1-S13163/108",期刊,2010,31-010-CAS-14898210,O(CC1=CC=CC=C1)[C@@H]2[C@H]([C@H](OC(=NC3=CC=CC=C3)C(F)(F)F)O[C@H](COCC4=CC=CC=C4)[C@H]2O[C@H]5[C@@H](OCC6=CC=CC=C6)[C@@H](OCC7=CC8=C(C=C7)C=CC=C8)[C@]9([C@](O5)(CO[C@H](O9)C%10=CC=CC=C%10)[H])[H])N%11C(=O)C=%12C(C%11=O)=CC=CC%12,trifluoroacetimidate,O(CC1=CC=CC=C1)[C@@H]2[C@H]([C@H](OCCCCCN=[N+]=[N-])O[C@H](COCC3=CC=CC=C3)[C@H]2O)N4C(=O)C=5C(C4=O)=CC=CC5,Dichloromethane,ClCCl,1,Triethylamine,N(CC)(CC)CC,1,25,1,40.0,1,b,1,O=C1c2ccccc2C(=O)N1[C@H]1[C@H](OC(=Nc2ccccc2)C(F)(F)F)O[C@H](COCc2ccccc2)[C@@H](O[C@@H]2O[C@@H]3CO[C@@H](c4ccccc4)O[C@H]3[C@H](OCc3ccc4ccccc4c3)[C@@H]2OCc2ccccc2)[C@@H]1OCc1ccccc1,[N-]=[N+]=NCCCCCO[C@@H]1O[C@H](COCc2ccccc2)[C@@H](O)[C@H](OCc2ccccc2)[C@H]1N1C(=O)c2ccccc2C1=O,2CC194B3
68,"Tetrahedron: Asymmetry (2009), 20(6-8), 851-856",期刊,2009,31-010-CAS-137050,O(CC1=CC=CC=C1)[C@@H]2[C@H]([C@H](OC(=NC3=CC=CC=C3)C(F)(F)F)O[C@H](COCC4=CC=CC=C4)[C@H]2O[C@H]5[C@@H](OC(C)=O)[C@@H](OCC6=CC7=C(C=C6)C=CC=C7)[C@]8([C@](O5)(CO[C@H](O8)C9=CC=CC=C9)[H])[H])N%10C(=O)C=%11C(C%10=O)=CC=CC%11,trifluoroacetimidate,O(CC1=CC=CC=C1)[C@@H]2[C@H]([C@H](OCCCCCN=[N+]=[N-])O[C@H](COCC3=CC=CC=C3)[C@H]2O)N4C(=O)C=5C(C4=O)=CC=CC5,Dichloromethane,ClCCl,1,Triethylamine,N(CC)(CC)CC,1,25,1,45.0,1,b,1,CC(=O)O[C@@H]1[C@H](O[C@H]2[C@H](OCc3ccccc3)[C@@H](N3C(=O)c4ccccc4C3=O)[C@H](OC(=Nc3ccccc3)C(F)(F)F)O[C@@H]2COCc2ccccc2)O[C@@H]2CO[C@@H](c3ccccc3)O[C@H]2[C@@H]1OCc1ccc2ccccc2c1,[N-]=[N+]=NCCCCCO[C@@H]1O[C@H](COCc2ccccc2)[C@@H](O)[C@H](OCc2ccccc2)[C@H]1N1C(=O)c2ccccc2C1=O,69748717
69,"Organic Letters (2020), 22(21), 8349-8353",期刊,2020,31-010-CAS-23517749,O(CC1=CC=CC=C1)[C@@H]2[C@H](C(OC(=NC3=CC=CC=C3)C(F)(F)F)O[C@H](COCC4=CC=CC=C4)[C@H]2O[C@H]5[C@@H](OCC6=CC=CC=C6)[C@@H](OCC7=CC=C(OC)C=C7)[C@]8([C@](O5)(CO[C@H](O8)C9=CC=CC=C9)[H])[H])N%10C(=O)C=%11C(C%10=O)=CC=CC%11,trifluoroacetimidate,O(CC1=CC=CC=C1)[C@@H]2[C@H]([C@H](N=[N+]=[N-])O[C@H](COCC3=CC=CC=C3)[C@H]2O)N4C(=O)C=5C(C4=O)=CC=CC5,Dichloromethane,ClCCl,1,Trifluoromethanesulfonic acid,O=S(=O)(O)C(F)(F)F,1,-78,1,60.0,1,b,1,COc1ccc(CO[C@@H]2[C@H](OCc3ccccc3)[C@H](O[C@H]3[C@H](OCc4ccccc4)[C@@H](N4C(=O)c5ccccc5C4=O)C(OC(=Nc4ccccc4)C(F)(F)F)O[C@@H]3COCc3ccccc3)O[C@@H]3CO[C@@H](c4ccccc4)O[C@@H]23)cc1,[N-]=[N+]=N[C@@H]1O[C@H](COCc2ccccc2)[C@@H](O)[C@H](OCc2ccccc2)[C@H]1N1C(=O)c2ccccc2C1=O,9B7E27EC
70,"Organic Letters (2007), 9(9), 1777-1779",期刊,2007,31-010-CAS-11999440,O([C@@]1(C(OC)=O)O[C@@]([C@@H]([C@@H](COC(C)=O)OC(C)=O)OC(C)=O)([C@H](NC(OCC(Cl)(Cl)Cl)=O)[C@@H](OC(C)=O)C1)[H])[C@H]2[C@@H](OCC3=CC=CC=C3)[C@@H](COCC4=CC=CC=C4)OC(OC(=NC5=CC=CC=C5)C(F)(F)F)[C@@H]2OC(C)=O,trifluoroacetimidate,O([C@@H]1[C@@H](OC(=O)C2=CC=CC=C2)[C@H](O[C@H]3[C@H](OC(=O)C4=CC=CC=C4)[C@@H](OC(=O)C5=CC=CC=C5)[C@H](OCCCCCCNC(OCC=C)=O)O[C@@H]3COCC6=CC=CC=C6)O[C@H](COCC7=CC=CC=C7)[C@@H]1OCC8=CC=CC=C8)[C@H]9[C@H](NC(C(Cl)(Cl)Cl)=O)[C@@H](OC(CCC(C)=O)=O)[C@H](O)[C@@H](COCC%10=CC=CC=C%10)O9,Dichloromethane,ClCCl,1,Triethylamine,N(CC)(CC)CC,1,-15,1,90.0,1,b,1,COC(=O)[C@@]1(O[C@H]2[C@@H](OCc3ccccc3)[C@@H](COCc3ccccc3)OC(OC(=Nc3ccccc3)C(F)(F)F)[C@@H]2OC(C)=O)C[C@H](OC(C)=O)[C@@H](NC(=O)OCC(Cl)(Cl)Cl)[C@H]([C@H](OC(C)=O)[C@@H](COC(C)=O)OC(C)=O)O1,C=CCOC(=O)NCCCCCCO[C@@H]1O[C@H](COCc2ccccc2)[C@@H](O[C@@H]2O[C@H](COCc3ccccc3)[C@H](OCc3ccccc3)[C@H](O[C@@H]3O[C@H](COCc4ccccc4)[C@@H](O)[C@H](OC(=O)CCC(C)=O)[C@H]3NC(=O)C(Cl)(Cl)Cl)[C@H]2OC(=O)c2ccccc2)[C@H](OC(=O)c2ccccc2)[C@H]1OC(=O)c1ccccc1,E62B8CC1
71,"Chemistry - An Asian Journal (2007), 2(11), 1447-1459",期刊,2007,31-010-CAS-5298712,O([C@@]1(C(OC)=O)O[C@@]([C@@H]([C@@H](COC(C)=O)OC(C)=O)OC(C)=O)([C@H](NC(OCC(Cl)(Cl)Cl)=O)[C@@H](OC(C)=O)C1)[H])[C@@H]2[C@@H](OC(=O)C3=CC=CC=C3)[C@H](OC(=NC4=CC=CC=C4)C(F)(F)F)O[C@H](COC(C)=O)[C@@H]2OC(C)=O,trifluoroacetimidate,O([C@@H]1[C@@H](OC(=O)C2=CC=CC=C2)[C@H](O[C@H]3[C@H](OC(=O)C4=CC=CC=C4)[C@@H](OC(=O)C5=CC=CC=C5)[C@H](OCCCCCCNC(OCC=C)=O)O[C@@H]3COCC6=CC=CC=C6)O[C@H](COCC7=CC=CC=C7)[C@@H]1OCC8=CC=CC=C8)[C@H]9[C@H](NC(C(Cl)(Cl)Cl)=O)[C@@H](OC(CCC(C)=O)=O)[C@H](O)[C@@H](COCC%10=CC=CC=C%10)O9,Dichloromethane,ClCCl,1,,,0,0,1,60.0,1,b,1,COC(=O)[C@@]1(O[C@H]2[C@@H](OC(C)=O)[C@@H](COC(C)=O)O[C@@H](OC(=Nc3ccccc3)C(F)(F)F)[C@@H]2OC(=O)c2ccccc2)C[C@H](OC(C)=O)[C@@H](NC(=O)OCC(Cl)(Cl)Cl)[C@H]([C@H](OC(C)=O)[C@@H](COC(C)=O)OC(C)=O)O1,C=CCOC(=O)NCCCCCCO[C@@H]1O[C@H](COCc2ccccc2)[C@@H](O[C@@H]2O[C@H](COCc3ccccc3)[C@H](OCc3ccccc3)[C@H](O[C@@H]3O[C@H](COCc4ccccc4)[C@@H](O)[C@H](OC(=O)CCC(C)=O)[C@H]3NC(=O)C(Cl)(Cl)Cl)[C@H]2OC(=O)c2ccccc2)[C@H](OC(=O)c2ccccc2)[C@H]1OC(=O)c1ccccc1,A92D031B
72,"Journal of the American Chemical Society (2018), 140(8), 3120-3127",期刊,2018,31-013-CAS-18528259,N(C(C(Cl)(Cl)Cl)=O)[C@@H]1[C@@H](N=[N+]=[N-])[C@H](OCC2=CC=CC=C2)[C@@H](C(OCC3=CC=CC=C3)=O)OC1OC(=NC4=CC=CC=C4)C(F)(F)F,trifluoroacetimidate,O([C@@H]1[C@@H](NC(C)=O)[C@@H](OCCCN(CC2=CC=CC=C2)C(OCC3=CC=CC=C3)=O)O[C@H](C)[C@H]1OCC4=CC=CC=C4)[C@H]5[C@@H](NC(OCC(Cl)(Cl)Cl)=O)[C@H](OCC6=CC7=C(C=C6)C=CC=C7)[C@H](O)[C@H](C)O5,Dichloromethane,ClCCl,1,Trimethylsilyl triflate,O=S(=O)(O[Si](C)(C)C)C(F)(F)F,1,25,1,30.0,1,b,1,[N-]=[N+]=N[C@H]1[C@H](OCc2ccccc2)[C@@H](C(=O)OCc2ccccc2)OC(OC(=Nc2ccccc2)C(F)(F)F)[C@@H]1NC(=O)C(Cl)(Cl)Cl,CC(=O)N[C@H]1[C@@H](OCCCN(Cc2ccccc2)C(=O)OCc2ccccc2)O[C@H](C)[C@@H](OCc2ccccc2)[C@@H]1O[C@@H]1O[C@@H](C)[C@@H](O)[C@@H](OCc2ccc3ccccc3c2)[C@@H]1NC(=O)OCC(Cl)(Cl)Cl,579A0B68
73,"World Intellectual Property Organization, WO2019144508 A1 2019-08-01",专利,2019,31-013-CAS-21512690,N(C(C(Cl)(Cl)Cl)=O)[C@@H]1[C@@H](N=[N+]=[N-])[C@H](OCC2=CC=CC=C2)[C@@H](C(OCC3=CC=CC=C3)=O)OC1OC(=NC4=CC=CC=C4)C(F)(F)F,trifluoroacetimidate,O([C@@H]1[C@@H](NC(C)=O)[C@@H](OCCCN(CC2=CC=CC=C2)C(OCC3=CC=CC=C3)=O)O[C@H](C)[C@H]1OCC4=CC=CC=C4)[C@H]5[C@@H](NC(OCC(Cl)(Cl)Cl)=O)[C@H](OCC=6C7=C(C=CC6)C=CC=C7)[C@H](O)[C@H](C)O5,Dichloromethane,ClCCl,1,Trimethylsilyl triflate,O=S(=O)(O[Si](C)(C)C)C(F)(F)F,1,25,1,,0,b,1,[N-]=[N+]=N[C@H]1[C@H](OCc2ccccc2)[C@@H](C(=O)OCc2ccccc2)OC(OC(=Nc2ccccc2)C(F)(F)F)[C@@H]1NC(=O)C(Cl)(Cl)Cl,CC(=O)N[C@H]1[C@@H](OCCCN(Cc2ccccc2)C(=O)OCc2ccccc2)O[C@H](C)[C@@H](OCc2ccccc2)[C@@H]1O[C@@H]1O[C@@H](C)[C@@H](O)[C@@H](OCc2cccc3ccccc23)[C@@H]1NC(=O)OCC(Cl)(Cl)Cl,D4B8E240
74,"China, CN108558961 A 2018-09-21",专利,2018,31-013-CAS-19693636,N(C(C(Cl)(Cl)Cl)=O)[C@@H]1[C@@H](N=[N+]=[N-])[C@H](OCC2=CC=CC=C2)[C@@H](C(OCC3=CC=CC=C3)=O)OC1OC(=NC4=CC=CC=C4)C(F)(F)F,trifluoroacetimidate,O([C@@H]1[C@@H](NC(C)=O)[C@@H](OCCCN(CC2=CC=CC=C2)C(OCC3=CC=CC=C3)=O)O[C@H](C)[C@H]1OCC4=CC=CC=C4)[C@H]5[C@@H](NC(OCC(Cl)(Cl)Cl)=O)[C@H](OCC=6C7=C(C=CC6)C=CC=C7)[C@H](O)[C@H](C)O5,Dichloromethane,ClCCl,1,Trimethylsilyl triflate,O=S(=O)(O[Si](C)(C)C)C(F)(F)F,1,25,1,,0,b,1,[N-]=[N+]=N[C@H]1[C@H](OCc2ccccc2)[C@@H](C(=O)OCc2ccccc2)OC(OC(=Nc2ccccc2)C(F)(F)F)[C@@H]1NC(=O)C(Cl)(Cl)Cl,CC(=O)N[C@H]1[C@@H](OCCCN(Cc2ccccc2)C(=O)OCc2ccccc2)O[C@H](C)[C@@H](OCc2ccccc2)[C@@H]1O[C@@H]1O[C@@H](C)[C@@H](O)[C@@H](OCc2cccc3ccccc23)[C@@H]1NC(=O)OCC(Cl)(Cl)Cl,D4B8E240
75,"Organic Letters (2020), 22(21), 8349-8353",期刊,2020,31-010-CAS-23513245,O(CC1=CC=CC=C1)[C@@H]2[C@H](C(OC(=NC3=CC=CC=C3)C(F)(F)F)O[C@H](COCC4=CC=CC=C4)[C@H]2O[C@H]5[C@@H](OCC6=CC=CC=C6)[C@@H](OCC7=CC=C(OC)C=C7)[C@]8([C@](O5)(CO[C@H](O8)C9=CC=CC=C9)[H])[H])N%10C(=O)C=%11C(C%10=O)=CC=CC%11,trifluoroacetimidate,O(CC1=CC=CC=C1)[C@@H]2[C@H]([C@H](N=[N+]=[N-])O[C@H](CO[C@H]3[C@@H](OCC4=CC=CC=C4)[C@H](OCC5=CC=CC=C5)[C@H](OCC6=CC=CC=C6)[C@H](C)O3)[C@H]2O)N7C(=O)C=8C(C7=O)=CC=CC8,Dichloromethane,ClCCl,1,Trimethylsilyl triflate,O=S(=O)(O[Si](C)(C)C)C(F)(F)F,1,-30,1,60.0,1,b,1,COc1ccc(CO[C@@H]2[C@H](OCc3ccccc3)[C@H](O[C@H]3[C@H](OCc4ccccc4)[C@@H](N4C(=O)c5ccccc5C4=O)C(OC(=Nc4ccccc4)C(F)(F)F)O[C@@H]3COCc3ccccc3)O[C@@H]3CO[C@@H](c4ccccc4)O[C@@H]23)cc1,C[C@@H]1O[C@@H](OC[C@H]2O[C@@H](N=[N+]=[N-])[C@H](N3C(=O)c4ccccc4C3=O)[C@@H](OCc3ccccc3)[C@@H]2O)[C@@H](OCc2ccccc2)[C@H](OCc2ccccc2)[C@@H]1OCc1ccccc1,05FEE3DB
76,"Chemistry - An Asian Journal (2007), 2(11), 1447-1459",期刊,2007,31-010-CAS-5017787,O(C[C@@H]1[C@H](OC(C)=O)[C@H](OC(=O)C2=CC=CC=C2)[C@@H](OC(=O)C3=CC=CC=C3)[C@H](OC(=NC4=CC=CC=C4)C(F)(F)F)O1)[C@@]5(C(OC)=O)O[C@@]([C@@H]([C@@H](COC(C)=O)OC(C)=O)OC(C)=O)([C@H](NC(OCC(Cl)(Cl)Cl)=O)[C@@H](OC(C)=O)C5)[H],trifluoroacetimidate,O([C@@H]1[C@@H](OC(=O)C2=CC=CC=C2)[C@H](O[C@H]3[C@H](OC(=O)C4=CC=CC=C4)[C@@H](OC(=O)C5=CC=CC=C5)[C@H](OCCCCCCNC(OCC=C)=O)O[C@@H]3COCC6=CC=CC=C6)O[C@H](COCC7=CC=CC=C7)[C@@H]1OCC8=CC=CC=C8)[C@H]9[C@H](NC(C(Cl)(Cl)Cl)=O)[C@@H](OC(CCC(C)=O)=O)[C@H](O)[C@@H](COCC%10=CC=CC=C%10)O9,Dichloromethane,ClCCl,1,,,0,0,1,60.0,1,b,1,COC(=O)[C@@]1(OC[C@H]2O[C@@H](OC(=Nc3ccccc3)C(F)(F)F)[C@H](OC(=O)c3ccccc3)[C@@H](OC(=O)c3ccccc3)[C@H]2OC(C)=O)C[C@H](OC(C)=O)[C@@H](NC(=O)OCC(Cl)(Cl)Cl)[C@H]([C@H](OC(C)=O)[C@@H](COC(C)=O)OC(C)=O)O1,C=CCOC(=O)NCCCCCCO[C@@H]1O[C@H](COCc2ccccc2)[C@@H](O[C@@H]2O[C@H](COCc3ccccc3)[C@H](OCc3ccccc3)[C@H](O[C@@H]3O[C@H](COCc4ccccc4)[C@@H](O)[C@H](OC(=O)CCC(C)=O)[C@H]3NC(=O)C(Cl)(Cl)Cl)[C@H]2OC(=O)c2ccccc2)[C@H](OC(=O)c2ccccc2)[C@H]1OC(=O)c1ccccc1,BC8A44DE
77,"World Intellectual Property Organization, WO2024168123 A1 2024-08-15",专利,2024,31-614-CAS-42575636,O([C@@]1(C(OC)=O)O[C@@]([C@@H]([C@@H](COC(C)=O)OC(C)=O)OC(C)=O)([C@]2([C@](C1)(OC(=O)N2C(C)=O)[H])[H])[H])[C@@H]3[C@@H](OC(C)=O)[C@H](OC(=NC4=CC=CC=C4)C(F)(F)F)O[C@H](COC(C)=O)[C@@H]3OC(C)=O,trifluoroacetimidate,O([C@@H]1[C@@H](NC(OCC(Cl)(Cl)Cl)=O)[C@H](SC2=CC=CC=C2)O[C@H](COCC3=CC4=C(C=C3)C=CC=C4)[C@H]1O)[C@H]5[C@@H](OCC6=CC7=C(C=C6)C=CC=C7)[C@H](OC(C)=O)[C@H](OC(C)=O)[C@H](C)O5,Dichloromethane,ClCCl,1,Trimethylsilyl triflate,O=S(=O)(O[Si](C)(C)C)C(F)(F)F,1,25,1,60.0,1,b,1,COC(=O)[C@@]1(O[C@H]2[C@@H](OC(C)=O)[C@@H](COC(C)=O)O[C@@H](OC(=Nc3ccccc3)C(F)(F)F)[C@@H]2OC(C)=O)C[C@@H]2OC(=O)N(C(C)=O)[C@H]2[C@H]([C@H](OC(C)=O)[C@@H](COC(C)=O)OC(C)=O)O1,CC(=O)O[C@H]1[C@H](OCc2ccc3ccccc3c2)[C@H](O[C@H]2[C@H](O)[C@@H](COCc3ccc4ccccc4c3)O[C@@H](Sc3ccccc3)[C@@H]2NC(=O)OCC(Cl)(Cl)Cl)O[C@@H](C)[C@H]1OC(C)=O,A123788D
78,"World Intellectual Property Organization, WO2019012476 A1 2019-01-17",专利,2019,31-010-CAS-20875067,O([C@@]1(C(OC)=O)O[C@@]([C@@H]([C@@H](COC(C)=O)OC(C)=O)OC(C)=O)([C@H](NC(C)=O)[C@@H](OC(C)=O)C1)[H])[C@@H]2[C@@H](OC(=O)C3=CC=CC=C3)C(OC(=NC4=CC=CC=C4)C(F)(F)F)O[C@H](COC(=O)C5=CC=CC=C5)[C@@H]2OC(=O)C6=CC=CC=C6,trifluoroacetimidate,O([C@H]1[C@@H]([C@@H](OCC2=CC=CC=C2)[C@H](O)[C@@H](COCC3=CC=CC=C3)O1)N4C(=O)C=5C(C4=O)=CC=CC5)[C@H]6[C@@H](O[C@H]7[C@H](OC(C)=O)[C@@H](OCC8=CC=CC=C8)[C@H](O[C@H]9[C@H](OCC%10=CC=CC=C%10)[C@@H](OCC%11=CC=CC=C%11)[C@@H](OCC%12=CC=CC=C%12)[C@@H](COCC%13=CC=CC=C%13)O9)[C@@H](COCC%14=CC=CC=C%14)O7)[C@@H](COC(=O)C%15=CC=CC=C%15)O[C@@H](OCCCN=[N+]=[N-])[C@@H]6OC(=O)C%16=CC=CC=C%16,Dichloromethane,ClCCl,1,Triethylamine,N(CC)(CC)CC,1,25,1,20.0,1,b,1,COC(=O)[C@@]1(O[C@H]2[C@@H](OC(=O)c3ccccc3)[C@@H](COC(=O)c3ccccc3)OC(OC(=Nc3ccccc3)C(F)(F)F)[C@@H]2OC(=O)c2ccccc2)C[C@H](OC(C)=O)[C@@H](NC(C)=O)[C@H]([C@H](OC(C)=O)[C@@H](COC(C)=O)OC(C)=O)O1,CC(=O)O[C@H]1[C@H](O[C@@H]2[C@H](O[C@@H]3O[C@H](COCc4ccccc4)[C@@H](O)[C@H](OCc4ccccc4)[C@H]3N3C(=O)c4ccccc4C3=O)[C@@H](OC(=O)c3ccccc3)[C@H](OCCCN=[N+]=[N-])O[C@@H]2COC(=O)c2ccccc2)O[C@H](COCc2ccccc2)[C@@H](O[C@@H]2O[C@H](COCc3ccccc3)[C@H](OCc3ccccc3)[C@H](OCc3ccccc3)[C@H]2OCc2ccccc2)[C@@H]1OCc1ccccc1,54BD3C44
79,"Chemistry - A European Journal (2019), 25(71), 16277-16287",期刊,2019,31-010-CAS-21471841,O([C@@]1(C(OC)=O)O[C@@]([C@@H]([C@@H](COC(C)=O)OC(C)=O)OC(C)=O)([C@H](NC(C)=O)[C@@H](OC(C)=O)C1)[H])[C@@H]2[C@@H](OC(=O)C3=CC=CC=C3)C(OC(=NC4=CC=CC=C4)C(F)(F)F)O[C@H](COC(=O)C5=CC=CC=C5)[C@@H]2OC(=O)C6=CC=CC=C6,trifluoroacetimidate,O([C@H]1[C@@H]([C@@H](OCC2=CC=CC=C2)[C@H](O)[C@@H](COCC3=CC=CC=C3)O1)N4C(=O)C=5C(C4=O)=CC=CC5)[C@H]6[C@@H](O[C@H]7[C@H](OC(C)=O)[C@@H](OCC8=CC=CC=C8)[C@H](OCC9=CC=CC=C9)[C@@H](COCC%10=CC=CC=C%10)O7)[C@@H](COC(=O)C%11=CC=CC=C%11)O[C@@H](OCCCN=[N+]=[N-])[C@@H]6OC(=O)C%12=CC=CC=C%12,Dichloromethane,ClCCl,1,Trimethylsilyl triflate,O=S(=O)(O[Si](C)(C)C)C(F)(F)F,1,-20,1,240.0,1,b,1,COC(=O)[C@@]1(O[C@H]2[C@@H](OC(=O)c3ccccc3)[C@@H](COC(=O)c3ccccc3)OC(OC(=Nc3ccccc3)C(F)(F)F)[C@@H]2OC(=O)c2ccccc2)C[C@H](OC(C)=O)[C@@H](NC(C)=O)[C@H]([C@H](OC(C)=O)[C@@H](COC(C)=O)OC(C)=O)O1,CC(=O)O[C@H]1[C@H](O[C@@H]2[C@H](O[C@@H]3O[C@H](COCc4ccccc4)[C@@H](O)[C@H](OCc4ccccc4)[C@H]3N3C(=O)c4ccccc4C3=O)[C@@H](OC(=O)c3ccccc3)[C@H](OCCCN=[N+]=[N-])O[C@@H]2COC(=O)c2ccccc2)O[C@H](COCc2ccccc2)[C@@H](OCc2ccccc2)[C@@H]1OCc1ccccc1,FE023EE1
80,"World Intellectual Property Organization, WO2019012476 A1 2019-01-17",专利,2019,31-010-CAS-20875061,O([C@@]1(C(OC)=O)O[C@@]([C@@H]([C@@H](COC(C)=O)OC(C)=O)OC(C)=O)([C@H](NC(C)=O)[C@@H](OC(C)=O)C1)[H])[C@@H]2[C@@H](OC(=O)C3=CC=CC=C3)C(OC(=NC4=CC=CC=C4)C(F)(F)F)O[C@H](COC(=O)C5=CC=CC=C5)[C@@H]2OC(=O)C6=CC=CC=C6,trifluoroacetimidate,O([C@H]1[C@@H]([C@@H](OCC2=CC=CC=C2)[C@H](O)[C@@H](COCC3=CC=CC=C3)O1)N4C(=O)C=5C(C4=O)=CC=CC5)[C@H]6[C@@H](O[C@H]7[C@H](OC(C)=O)[C@@H](OCC8=CC=CC=C8)[C@H](OCC9=CC=CC=C9)[C@@H](COCC%10=CC=CC=C%10)O7)[C@@H](COC(=O)C%11=CC=CC=C%11)O[C@@H](OCCCN=[N+]=[N-])[C@@H]6OC(=O)C%12=CC=CC=C%12,Dichloromethane,ClCCl,1,Triethylamine,N(CC)(CC)CC,1,25,1,20.0,1,b,1,COC(=O)[C@@]1(O[C@H]2[C@@H](OC(=O)c3ccccc3)[C@@H](COC(=O)c3ccccc3)OC(OC(=Nc3ccccc3)C(F)(F)F)[C@@H]2OC(=O)c2ccccc2)C[C@H](OC(C)=O)[C@@H](NC(C)=O)[C@H]([C@H](OC(C)=O)[C@@H](COC(C)=O)OC(C)=O)O1,CC(=O)O[C@H]1[C@H](O[C@@H]2[C@H](O[C@@H]3O[C@H](COCc4ccccc4)[C@@H](O)[C@H](OCc4ccccc4)[C@H]3N3C(=O)c4ccccc4C3=O)[C@@H](OC(=O)c3ccccc3)[C@H](OCCCN=[N+]=[N-])O[C@@H]2COC(=O)c2ccccc2)O[C@H](COCc2ccccc2)[C@@H](OCc2ccccc2)[C@@H]1OCc1ccccc1,FE023EE1
81,"Chemistry - A European Journal (2019), 25(71), 16277-16287",期刊,2019,31-010-CAS-21471846,O([C@@]1(C(OC)=O)O[C@@]([C@@H]([C@@H](COC(C)=O)OC(C)=O)OC(C)=O)([C@H](NC(C)=O)[C@@H](OC(C)=O)C1)[H])[C@@H]2[C@@H](OC(=O)C3=CC=CC=C3)C(OC(=NC4=CC=CC=C4)C(F)(F)F)O[C@H](COC(=O)C5=CC=CC=C5)[C@@H]2OC(=O)C6=CC=CC=C6,trifluoroacetimidate,O([C@H]1[C@@H]([C@@H](OCC2=CC=CC=C2)[C@H](O)[C@@H](COCC3=CC=CC=C3)O1)N4C(=O)C=5C(C4=O)=CC=CC5)[C@@H]6[C@@H](OC(=O)C7=CC=CC=C7)[C@H](O[C@H]8[C@H](OC(=O)C9=CC=CC=C9)[C@@H](OC(=O)C%10=CC=CC=C%10)[C@H](OCCCN=[N+]=[N-])O[C@@H]8COC(=O)C%11=CC=CC=C%11)O[C@H](COC(=O)C%12=CC=CC=C%12)[C@@H]6O,Dichloromethane,ClCCl,1,Trimethylsilyl triflate,O=S(=O)(O[Si](C)(C)C)C(F)(F)F,1,0,1,120.0,1,b,1,COC(=O)[C@@]1(O[C@H]2[C@@H](OC(=O)c3ccccc3)[C@@H](COC(=O)c3ccccc3)OC(OC(=Nc3ccccc3)C(F)(F)F)[C@@H]2OC(=O)c2ccccc2)C[C@H](OC(C)=O)[C@@H](NC(C)=O)[C@H]([C@H](OC(C)=O)[C@@H](COC(C)=O)OC(C)=O)O1,[N-]=[N+]=NCCCO[C@@H]1O[C@H](COC(=O)c2ccccc2)[C@@H](O[C@@H]2O[C@H](COC(=O)c3ccccc3)[C@H](O)[C@H](O[C@@H]3O[C@H](COCc4ccccc4)[C@@H](O)[C@H](OCc4ccccc4)[C@H]3N3C(=O)c4ccccc4C3=O)[C@H]2OC(=O)c2ccccc2)[C@H](OC(=O)c2ccccc2)[C@H]1OC(=O)c1ccccc1,414A6982
82,"World Intellectual Property Organization, WO2019012476 A1 2019-01-17",专利,2019,31-010-CAS-20875071,O([C@@]1(C(OC)=O)O[C@@]([C@@H]([C@@H](COC(C)=O)OC(C)=O)OC(C)=O)([C@H](NC(C)=O)[C@@H](OC(C)=O)C1)[H])[C@@H]2[C@@H](OC(=O)C3=CC=CC=C3)C(OC(=NC4=CC=CC=C4)C(F)(F)F)O[C@H](COC(=O)C5=CC=CC=C5)[C@@H]2OC(=O)C6=CC=CC=C6,trifluoroacetimidate,O([C@H]1[C@@H](O[C@H]2[C@H](OC(C)=O)[C@@H](OCC3=CC=CC=C3)[C@H](OCC4=CC=CC=C4)[C@@H](COCC5=CC=CC=C5)O2)[C@@H](COC(=O)C6=CC=CC=C6)O[C@@H](O[C@H]7[C@H](OC(=O)C8=CC=CC=C8)[C@@H](OC(=O)C9=CC=CC=C9)[C@H](OCCCN=[N+]=[N-])O[C@@H]7COC(=O)C%10=CC=CC=C%10)[C@@H]1OC(=O)C%11=CC=CC=C%11)[C@H]%12[C@@H]([C@@H](OCC%13=CC=CC=C%13)[C@H](O)[C@@H](COCC%14=CC=CC=C%14)O%12)N%15C(=O)C=%16C(C%15=O)=CC=CC%16,Dichloromethane,ClCCl,1,Triethylamine,N(CC)(CC)CC,1,25,1,20.0,1,b,1,COC(=O)[C@@]1(O[C@H]2[C@@H](OC(=O)c3ccccc3)[C@@H](COC(=O)c3ccccc3)OC(OC(=Nc3ccccc3)C(F)(F)F)[C@@H]2OC(=O)c2ccccc2)C[C@H](OC(C)=O)[C@@H](NC(C)=O)[C@H]([C@H](OC(C)=O)[C@@H](COC(C)=O)OC(C)=O)O1,CC(=O)O[C@H]1[C@H](O[C@@H]2[C@H](O[C@@H]3O[C@H](COCc4ccccc4)[C@@H](O)[C@H](OCc4ccccc4)[C@H]3N3C(=O)c4ccccc4C3=O)[C@@H](OC(=O)c3ccccc3)[C@H](O[C@H]3[C@H](OC(=O)c4ccccc4)[C@@H](OC(=O)c4ccccc4)[C@H](OCCCN=[N+]=[N-])O[C@@H]3COC(=O)c3ccccc3)O[C@@H]2COC(=O)c2ccccc2)O[C@H](COCc2ccccc2)[C@@H](OCc2ccccc2)[C@@H]1OCc1ccccc1,4DA91E3A
83,"World Intellectual Property Organization, WO2017175082 A1 2017-10-12",专利,2017,31-010-CAS-18600277,O([C@@]1(C(OC)=O)O[C@@]([C@@H]([C@@H](COC(C)=O)OC(C)=O)OC(C)=O)([C@H](NC(C)=O)[C@@H](OC(C)=O)C1)[H])[C@@H]2[C@@H](OC(=O)C3=CC=CC=C3)C(OC(=NC4=CC=CC=C4)C(F)(F)F)O[C@H](COC(=O)C5=CC=CC=C5)[C@@H]2OC(=O)C6=CC=CC=C6,trifluoroacetimidate,[Si](OC[C@@H]1[C@@H](O)[C@H](OCC2=CC=CC=C2)[C@H]([C@H](OCCCN=[N+]=[N-])O1)N3C(=O)C=4C(C3=O)=CC=CC4)(C(C)(C)C)(C5=CC=CC=C5)C6=CC=CC=C6,Dichloromethane,ClCCl,1,Trimethylsilyl triflate,O=S(=O)(O[Si](C)(C)C)C(F)(F)F,1,25,1,20.0,1,b,1,COC(=O)[C@@]1(O[C@H]2[C@@H](OC(=O)c3ccccc3)[C@@H](COC(=O)c3ccccc3)OC(OC(=Nc3ccccc3)C(F)(F)F)[C@@H]2OC(=O)c2ccccc2)C[C@H](OC(C)=O)[C@@H](NC(C)=O)[C@H]([C@H](OC(C)=O)[C@@H](COC(C)=O)OC(C)=O)O1,CC(C)(C)[Si](OC[C@H]1O[C@@H](OCCCN=[N+]=[N-])[C@H](N2C(=O)c3ccccc3C2=O)[C@@H](OCc2ccccc2)[C@@H]1O)(c1ccccc1)c1ccccc1,77DD63DE
84,"European Journal of Organic Chemistry (2012), 2012(26), 5054-5068, S5054/1-S5054/12",期刊,2012,31-010-CAS-927587,O(C(NC1=CC=CC=C1)=O)[C@H]2[C@]3([C@](O[C@H](OC(=NC4=CC=CC=C4)C(F)(F)F)[C@@H]2OC(CCl)=O)(CO[C@H](O3)C5=CC=CC=C5)[H])[H],trifluoroacetimidate,O(CC1=CC=CC=C1)[C@@H]2[C@H]([C@H](N=[N+]=[N-])O[C@H](COC3=CC=C(OC)C=C3)[C@H]2O[C@H]4[C@@H]([C@@H](OCC5=CC=CC=C5)[C@H](O)[C@@H](COCC6=CC=CC=C6)O4)N7C(=O)C=8C(C7=O)=CC=CC8)N9C(=O)C=%10C(C9=O)=CC=CC%10,Dichloromethane;Methanol,ClCCl;OC,1,Potassium carbonate,[K].O=C(O)O,1,0,1,30.0,1,b,1,O=C(CCl)O[C@H]1[C@@H](OC(=Nc2ccccc2)C(F)(F)F)O[C@@H]2CO[C@@H](c3ccccc3)O[C@H]2[C@@H]1OC(=O)Nc1ccccc1,COc1ccc(OC[C@H]2O[C@@H](N=[N+]=[N-])[C@H](N3C(=O)c4ccccc4C3=O)[C@@H](OCc3ccccc3)[C@@H]2O[C@@H]2O[C@H](COCc3ccccc3)[C@@H](O)[C@H](OCc3ccccc3)[C@H]2N2C(=O)c3ccccc3C2=O)cc1,2DAFF93E
85,"World Intellectual Property Organization, WO2017175082 A1 2017-10-12",专利,2017,31-010-CAS-18600274,O([C@@]1(C(OC)=O)O[C@@]([C@@H]([C@@H](COC(C)=O)OC(C)=O)OC(C)=O)([C@H](NC(C)=O)[C@@H](OC(C)=O)C1)[H])[C@@H]2[C@@H](OC(=O)C3=CC=CC=C3)C(OC(=NC4=CC=CC=C4)C(F)(F)F)O[C@H](COC(=O)C5=CC=CC=C5)[C@@H]2OC(=O)C6=CC=CC=C6,trifluoroacetimidate,O([C@H]1[C@@H]([C@@H](OCC2=CC=CC=C2)[C@H](O)[C@@H](CO[Si](C(C)(C)C)(C3=CC=CC=C3)C4=CC=CC=C4)O1)N5C(=O)C=6C(C5=O)=CC=CC6)[C@@H]7[C@@H](OCC8=CC=CC=C8)[C@H](O[C@H]9[C@H](OCC%10=CC=CC=C%10)[C@@H](OCC%11=CC=CC=C%11)[C@H](OCCCN=[N+]=[N-])O[C@@H]9COCC%12=CC=CC=C%12)O[C@H](COCC%13=CC=CC=C%13)[C@@H]7OC(C)=O,Dichloromethane,ClCCl,1,Trimethylsilyl triflate,O=S(=O)(O[Si](C)(C)C)C(F)(F)F,1,25,1,20.0,1,b,1,COC(=O)[C@@]1(O[C@H]2[C@@H](OC(=O)c3ccccc3)[C@@H](COC(=O)c3ccccc3)OC(OC(=Nc3ccccc3)C(F)(F)F)[C@@H]2OC(=O)c2ccccc2)C[C@H](OC(C)=O)[C@@H](NC(C)=O)[C@H]([C@H](OC(C)=O)[C@@H](COC(C)=O)OC(C)=O)O1,CC(=O)O[C@@H]1[C@H](O[C@@H]2O[C@H](CO[Si](c3ccccc3)(c3ccccc3)C(C)(C)C)[C@@H](O)[C@H](OCc3ccccc3)[C@H]2N2C(=O)c3ccccc3C2=O)[C@@H](OCc2ccccc2)[C@H](O[C@H]2[C@H](OCc3ccccc3)[C@@H](OCc3ccccc3)[C@H](OCCCN=[N+]=[N-])O[C@@H]2COCc2ccccc2)O[C@@H]1COCc1ccccc1,01497119
86,"World Intellectual Property Organization, WO2024168123 A1 2024-08-15",专利,2024,31-614-CAS-42575632,O([C@@]1(C(OC)=O)O[C@@]([C@@H]([C@@H](COC(C)=O)OC(C)=O)OC(C)=O)([C@]2([C@](C1)(OC(=O)N2C(C)=O)[H])[H])[H])[C@@H]3[C@@H](OC(C)=O)[C@H](OC(=NC4=CC=CC=C4)C(F)(F)F)O[C@H](COC(C)=O)[C@@H]3OC(C)=O,trifluoroacetimidate,[Si](O[C@H]1[C@H](NC(OCC(Cl)(Cl)Cl)=O)[C@@H](O[C@H]2[C@@H](OCC3=CC4=C(C=C3)C=CC=C4)[C@H](OC(C)=O)[C@H](OC(C)=O)[C@H](C)O2)[C@H](O)[C@@H](COCC5=CC6=C(C=C5)C=CC=C6)O1)(C(C)(C)C)(C7=CC=CC=C7)C8=CC=CC=C8,Dichloromethane,ClCCl,1,Trimethylsilyl triflate,O=S(=O)(O[Si](C)(C)C)C(F)(F)F,1,25,1,60.0,1,b,1,COC(=O)[C@@]1(O[C@H]2[C@@H](OC(C)=O)[C@@H](COC(C)=O)O[C@@H](OC(=Nc3ccccc3)C(F)(F)F)[C@@H]2OC(C)=O)C[C@@H]2OC(=O)N(C(C)=O)[C@H]2[C@H]([C@H](OC(C)=O)[C@@H](COC(C)=O)OC(C)=O)O1,CC(=O)O[C@H]1[C@H](OCc2ccc3ccccc3c2)[C@H](O[C@H]2[C@H](O)[C@@H](COCc3ccc4ccccc4c3)O[C@@H](O[Si](c3ccccc3)(c3ccccc3)C(C)(C)C)[C@@H]2NC(=O)OCC(Cl)(Cl)Cl)O[C@@H](C)[C@H]1OC(C)=O,97035561
87,"World Intellectual Property Organization, WO2024168123 A1 2024-08-15",专利,2024,31-614-CAS-42575643,O([C@@]1(C(OC)=O)O[C@@]([C@@H]([C@@H](COC(C)=O)OC(C)=O)OC(C)=O)([C@]2([C@](C1)(OC(=O)N2C(C)=O)[H])[H])[H])[C@@H]3[C@@H](OC(C)=O)[C@H](OC(=NC4=CC=CC=C4)C(F)(F)F)O[C@H](COC(C)=O)[C@@H]3OC(C)=O,trifluoroacetimidate,O([C@@H]1[C@@H](NC(OCC(Cl)(Cl)Cl)=O)[C@H](SC2=C(C)C=CC=C2C)O[C@H](COCC3=CC4=C(C=C3)C=CC=C4)[C@H]1O)[C@H]5[C@@H](OCC6=CC7=C(C=C6)C=CC=C7)[C@H](OC(C)=O)[C@H](OC(C)=O)[C@H](C)O5,Dichloromethane,ClCCl,1,Trimethylsilyl triflate,O=S(=O)(O[Si](C)(C)C)C(F)(F)F,1,25,1,30.0,1,b,1,COC(=O)[C@@]1(O[C@H]2[C@@H](OC(C)=O)[C@@H](COC(C)=O)O[C@@H](OC(=Nc3ccccc3)C(F)(F)F)[C@@H]2OC(C)=O)C[C@@H]2OC(=O)N(C(C)=O)[C@H]2[C@H]([C@H](OC(C)=O)[C@@H](COC(C)=O)OC(C)=O)O1,CC(=O)O[C@H]1[C@H](OCc2ccc3ccccc3c2)[C@H](O[C@H]2[C@H](O)[C@@H](COCc3ccc4ccccc4c3)O[C@@H](Sc3c(C)cccc3C)[C@@H]2NC(=O)OCC(Cl)(Cl)Cl)O[C@@H](C)[C@H]1OC(C)=O,4767D299
88,"Angewandte Chemie, International Edition (2021), 60(46), 24686-24693",期刊,2021,31-614-CAS-35275413,O([C@H]1[C@H](OCC2=CC=CC=C2)[C@@H](NC(OCC(Cl)(Cl)Cl)=O)C(OC(=NC3=CC=CC=C3)C(F)(F)F)O[C@@H]1COCC4=CC=CC=C4)[C@H]5[C@@H](OCC6=CC=CC=C6)[C@@H](OCC7=CC(Cl)=C(N=[N+]=[N-])C=C7)[C@]8([C@](O5)(CO[C@H](O8)C9=CC=CC=C9)[H])[H],trifluoroacetimidate,N(C(OCC(Cl)(Cl)Cl)=O)[C@H]1[C@H](NC(C[C@H](NC(OCC2=CC=CC=C2)=O)C(OCC=C)=O)=O)O[C@H](COCC3=CC=CC=C3)[C@@H](O)[C@@H]1OCC4=CC=CC=C4,Dichloromethane,ClCCl,1,Sodium bicarbonate,[Na].O=C(O)O,1,-78,1,30.0,1,b,1,[N-]=[N+]=Nc1ccc(CO[C@@H]2[C@H](OCc3ccccc3)[C@H](O[C@H]3[C@H](OCc4ccccc4)[C@@H](NC(=O)OCC(Cl)(Cl)Cl)C(OC(=Nc4ccccc4)C(F)(F)F)O[C@@H]3COCc3ccccc3)O[C@@H]3CO[C@@H](c4ccccc4)O[C@@H]23)cc1Cl,C=CCOC(=O)[C@H](CC(=O)N[C@@H]1O[C@H](COCc2ccccc2)[C@@H](O)[C@H](OCc2ccccc2)[C@H]1NC(=O)OCC(Cl)(Cl)Cl)NC(=O)OCc1ccccc1,1FC10DA4
89,"Chemistry - An Asian Journal (2018), 13(12), 1544-1551",期刊,2018,31-010-CAS-19429741,O([C@H]1[C@H](OCC2=CC(Cl)=C(N=[N+]=[N-])C=C2)[C@H](OCC3=CC=CC=C3)[C@H](O[C@H]4[C@H](OCC5=CC=CC=C5)[C@@H](NC(OCC(Cl)(Cl)Cl)=O)C(OC(=NC6=CC=CC=C6)C(F)(F)F)O[C@@H]4COCC7=CC=CC=C7)O[C@@H]1COC(OCC8C=9C(C=%10C8=CC=CC%10)=CC=CC9)=O)[C@H]%11[C@H](NC(OCC(Cl)(Cl)Cl)=O)[C@@H](OCC%12=CC=CC=C%12)[C@H](OCC%13=CC=CC=C%13)[C@@H](COCC%14=CC=CC=C%14)O%11,trifluoroacetimidate,N(C(OCC(Cl)(Cl)Cl)=O)[C@H]1[C@H](NC(C[C@H](NC(OCC2=CC=CC=C2)=O)C(OCC=C)=O)=O)O[C@H](COCC3=CC=CC=C3)[C@@H](O)[C@@H]1OCC4=CC=CC=C4,Dichloromethane,ClCCl,1,Trimethylsilyl triflate,O=S(=O)(O[Si](C)(C)C)C(F)(F)F,1,-78,1,150.0,1,b,1,[N-]=[N+]=Nc1ccc(CO[C@@H]2[C@H](OCc3ccccc3)[C@H](O[C@H]3[C@H](OCc4ccccc4)[C@@H](NC(=O)OCC(Cl)(Cl)Cl)C(OC(=Nc4ccccc4)C(F)(F)F)O[C@@H]3COCc3ccccc3)O[C@H](COC(=O)OCC3c4ccccc4-c4ccccc43)[C@H]2O[C@@H]2O[C@H](COCc3ccccc3)[C@@H](OCc3ccccc3)[C@H](OCc3ccccc3)[C@H]2NC(=O)OCC(Cl)(Cl)Cl)cc1Cl,C=CCOC(=O)[C@H](CC(=O)N[C@@H]1O[C@H](COCc2ccccc2)[C@@H](O)[C@H](OCc2ccccc2)[C@H]1NC(=O)OCC(Cl)(Cl)Cl)NC(=O)OCc1ccccc1,A68382B8
